{"stats":{"minecraft:broken":{"minecraft:stone_axe":1},"minecraft:killed":{"minecraft:cave_spider":1,"minecraft:witch":1,"minecraft:spider":4,"minecraft:horse":3,"minecraft:skeleton":2,"minecraft:pig":10,"ars_nouveau:drygmy":1,"ars_nouveau:starbuncle":1,"iceandfire:troll":1,"minecraft:creeper":2,"minecraft:sheep":2,"minecraft:zombie":9,"iceandfire:ghost":1,"alexsmobs:fly":1,"alexsmobs:crow":4,"minecraft:cow":14},"minecraft:dropped":{"minecraft:iron_sword":1,"minecraft:birch_planks":72,"minecraft:cooked_beef":3,"minecraft:oak_log":263,"ars_nouveau:worn_notebook":3,"minecraft:torch":1,"minecraft:rose_bush":1,"minecraft:birch_log":77,"minecraft:oak_door":1,"minecraft:gravel":4,"minecraft:stone_axe":2,"alexsmobs:animal_dictionary":1,"minecraft:rotten_flesh":1,"minecraft:oak_planks":1,"minecraft:chiseled_stone_bricks":2,"minecraft:cobblestone_slab":9,"minecraft:charcoal":1,"minecraft:mossy_stone_bricks":1,"minecraft:wooden_pickaxe":1},"minecraft:custom":{"minecraft:mob_kills":60,"minecraft:interact_with_crafting_table":29,"minecraft:leave_game":3,"minecraft:time_since_death":96995,"minecraft:climb_one_cm":4764,"minecraft:sprint_one_cm":375676,"minecraft:walk_one_cm":654108,"minecraft:drop":39,"minecraft:damage_dealt_absorbed":182,"minecraft:play_time":100054,"minecraft:sneak_time":6670,"minecraft:deaths":1,"minecraft:walk_under_water_one_cm":15474,"minecraft:boat_one_cm":106536,"minecraft:jump":1733,"minecraft:walk_on_water_one_cm":17447,"minecraft:total_world_time":100054,"minecraft:interact_with_furnace":61,"minecraft:sleep_in_bed":2,"minecraft:time_since_rest":1990,"minecraft:damage_taken":2605,"minecraft:trigger_trapped_chest":1,"minecraft:damage_dealt":8782,"minecraft:swim_one_cm":28333,"minecraft:fly_one_cm":638478,"minecraft:open_chest":36,"minecraft:crouch_one_cm":28774,"minecraft:fall_one_cm":46459},"minecraft:crafted":{"minecraft:oak_door":3,"minecraft:oak_planks":100,"minecraft:cobblestone_slab":12,"ars_nouveau:archwood_planks":192,"minecraft:iron_nugget":9,"minecraft:birch_boat":1,"minecraft:cooked_chicken":1,"minecraft:furnace":4,"epicfight:glove":1,"minecraft:cooked_mutton":3,"minecraft:oak_trapdoor":20,"minecraft:flint_and_steel":1,"minecraft:stone_pickaxe":1,"minecraft:chest":7,"minecraft:cooked_beef":23,"biomesoplenty:jacaranda_planks":8,"iceandfire:silver_ingot":3,"minecraft:cooked_porkchop":5,"minecraft:crafting_table":7,"minecraft:wooden_pickaxe":1,"minecraft:iron_sword":1,"minecraft:birch_planks":208,"minecraft:stone_axe":3,"minecraft:bread":1,"minecraft:air":0,"minecraft:iron_chestplate":1,"minecraft:charcoal":16,"minecraft:stick":12,"minecraft:iron_ingot":12,"minecraft:gold_ingot":23,"minecraft:torch":40},"minecraft:picked_up":{"iceandfire:dragon_skull_lightning":1,"minecraft:crafting_table":2,"minecraft:wooden_pickaxe":1,"ars_nouveau:blue_archwood_sapling":5,"ars_nouveau:archwood_planks":2,"minecraft:string":5,"minecraft:raw_copper":3,"iceandfire:graveyard_soil":1,"minecraft:gold_nugget":204,"minecraft:beef":28,"ars_nouveau:mendosteen_pod":3,"minecraft:sugar_cane":12,"minecraft:birch_sapling":4,"minecraft:furnace":3,"minecraft:raw_iron":10,"minecraft:stick":51,"iceandfire:dragonbone":16,"minecraft:porkchop":18,"epicfight:skillbook":3,"ars_nouveau:blue_archwood_log":48,"minecraft:carrot":1,"minecraft:redstone":2,"ars_nouveau:green_archwood_log":68,"minecraft:rotten_flesh":17,"minecraft:arrow":1,"biomesoplenty:jacaranda_log":2,"minecraft:mutton":3,"minecraft:white_wool":2,"minecraft:cobblestone":92,"biomesoplenty:lavender":36,"minecraft:birch_log":132,"minecraft:feather":1,"minecraft:cooked_beef":1,"minecraft:leather":21,"minecraft:birch_planks":79,"minecraft:flint":2,"minecraft:oak_log":407,"minecraft:gunpowder":6,"minecraft:dirt":18,"ars_nouveau:green_archwood_sapling":4,"minecraft:bone":3,"minecraft:apple":9,"minecraft:wheat_seeds":13,"minecraft:mossy_stone_bricks":1,"minecraft:cooked_porkchop":1,"minecraft:birch_boat":1,"minecraft:chiseled_stone_bricks":2,"minecraft:gravel":4,"minecraft:stone_axe":1,"minecraft:oak_sapling":75,"iceandfire:raw_silver":9},"minecraft:used":{"minecraft:oak_trapdoor":20,"minecraft:flint_and_steel":8,"minecraft:chest":7,"minecraft:iron_sword":168,"minecraft:cooked_chicken":1,"minecraft:rotten_flesh":16,"minecraft:iron_chestplate":1,"minecraft:oak_door":2,"minecraft:torch":11,"minecraft:dirt":18,"epicfight:glove":2,"minecraft:beef":5,"minecraft:furnace":7,"minecraft:oak_sapling":12,"minecraft:cooked_beef":13,"epicfight:skillbook":5,"minecraft:birch_planks":147,"minecraft:stone_pickaxe":102,"minecraft:birch_boat":2,"minecraft:wooden_pickaxe":20,"minecraft:cobblestone_slab":3,"minecraft:crafting_table":9,"ars_nouveau:archwood_planks":83,"minecraft:apple":9,"minecraft:bread":1,"minecraft:stone_axe":371,"minecraft:cobblestone":13,"minecraft:porkchop":6,"minecraft:cooked_porkchop":6,"useless_sword:ravager_sword":36,"alexsmobs:animal_dictionary":1},"minecraft:mined":{"iceandfire:graveyard_soil":1,"biomesoplenty:bush":1,"minecraft:grass_block":4,"minecraft:chiseled_stone_bricks":2,"biomesoplenty:jacaranda_log":2,"biomesoplenty:tall_lavender":2,"minecraft:furnace":2,"minecraft:iron_ore":10,"minecraft:fire":6,"biomesoplenty:lavender":67,"biomesoplenty:hanging_cobweb":6,"iceandfire:gold_pile":20,"minecraft:cobblestone_slab":1,"minecraft:vine":1,"biomesoplenty:webbing":14,"minecraft:stone":93,"biomesoplenty:spider_egg":1,"ars_nouveau:green_archwood_log":70,"biomesoplenty:hanging_cobweb_strand":1,"minecraft:crafting_table":2,"minecraft:rose_bush":3,"minecraft:tall_grass":4,"minecraft:sugar_cane":6,"minecraft:birch_planks":21,"ars_nouveau:blue_archwood_log":50,"ars_nouveau:archwood_planks":2,"minecraft:birch_log":19,"minecraft:grass":103,"minecraft:oak_log":154,"minecraft:gravel":1,"minecraft:dirt":11,"biomesoplenty:stringy_cobweb":1,"minecraft:cobweb":2,"minecraft:mossy_stone_bricks":1,"minecraft:oak_leaves":12},"minecraft:killed_by":{"minecraft:player":1}},"DataVersion":3465}