{"stats":{"minecraft:broken":{"minecraft:stone_axe":1},"minecraft:killed":{"minecraft:pig":5,"ars_nouveau:drygmy":1,"iceandfire:troll":1,"minecraft:creeper":2,"minecraft:skeleton":1,"minecraft:sheep":1,"minecraft:zombie":5,"alexsmobs:crow":4,"alexsmobs:fly":1,"minecraft:cow":13},"minecraft:dropped":{"minecraft:oak_door":1,"minecraft:gravel":4,"minecraft:stone_axe":2,"minecraft:birch_planks":72,"minecraft:cooked_beef":1,"minecraft:oak_log":263,"alexsmobs:animal_dictionary":1,"minecraft:rotten_flesh":1,"minecraft:oak_planks":1,"minecraft:chiseled_stone_bricks":2,"minecraft:cobblestone_slab":9,"ars_nouveau:worn_notebook":3,"minecraft:torch":1,"minecraft:charcoal":1,"minecraft:rose_bush":1,"minecraft:mossy_stone_bricks":1,"minecraft:wooden_pickaxe":1,"minecraft:birch_log":77},"minecraft:custom":{"minecraft:interact_with_furnace":45,"minecraft:mob_kills":34,"minecraft:interact_with_crafting_table":25,"minecraft:leave_game":3,"minecraft:time_since_death":72995,"minecraft:climb_one_cm":4764,"minecraft:time_since_rest":73024,"minecraft:sprint_one_cm":228828,"minecraft:damage_taken":1465,"minecraft:walk_one_cm":526925,"minecraft:drop":36,"minecraft:damage_dealt":4853,"minecraft:damage_dealt_absorbed":105,"minecraft:swim_one_cm":28333,"minecraft:fly_one_cm":305574,"minecraft:open_chest":23,"minecraft:crouch_one_cm":16931,"minecraft:play_time":76054,"minecraft:deaths":1,"minecraft:sneak_time":4781,"minecraft:walk_under_water_one_cm":15474,"minecraft:boat_one_cm":106536,"minecraft:jump":966,"minecraft:walk_on_water_one_cm":16871,"minecraft:total_world_time":76054,"minecraft:fall_one_cm":22196},"minecraft:crafted":{"minecraft:cooked_beef":22,"minecraft:oak_door":3,"minecraft:oak_planks":100,"minecraft:cobblestone_slab":12,"minecraft:cooked_porkchop":2,"minecraft:iron_nugget":9,"minecraft:crafting_table":6,"minecraft:cooked_chicken":1,"minecraft:birch_boat":1,"minecraft:wooden_pickaxe":1,"minecraft:iron_sword":1,"minecraft:furnace":4,"minecraft:birch_planks":208,"minecraft:stone_axe":1,"epicfight:glove":1,"minecraft:bread":1,"minecraft:air":0,"minecraft:oak_trapdoor":20,"minecraft:flint_and_steel":1,"minecraft:charcoal":16,"minecraft:stick":12,"minecraft:iron_ingot":12,"minecraft:stone_pickaxe":1,"minecraft:chest":7,"minecraft:gold_ingot":23,"minecraft:torch":40},"minecraft:picked_up":{"minecraft:birch_log":132,"minecraft:crafting_table":2,"minecraft:feather":1,"minecraft:cooked_beef":1,"minecraft:leather":14,"minecraft:wooden_pickaxe":1,"minecraft:birch_planks":69,"minecraft:flint":2,"minecraft:oak_log":407,"minecraft:gunpowder":5,"minecraft:string":2,"minecraft:dirt":18,"minecraft:raw_copper":3,"minecraft:bone":2,"minecraft:apple":9,"minecraft:wheat_seeds":12,"minecraft:gold_nugget":204,"minecraft:beef":27,"minecraft:mossy_stone_bricks":1,"minecraft:sugar_cane":12,"minecraft:birch_sapling":4,"minecraft:furnace":3,"minecraft:stick":42,"minecraft:raw_iron":10,"minecraft:birch_boat":1,"minecraft:chiseled_stone_bricks":2,"epicfight:skillbook":2,"minecraft:gravel":4,"minecraft:porkchop":7,"minecraft:arrow":1,"minecraft:rotten_flesh":11,"minecraft:stone_axe":1,"minecraft:oak_sapling":75,"minecraft:mutton":2,"minecraft:white_wool":1,"minecraft:cobblestone":92,"biomesoplenty:lavender":20},"minecraft:used":{"minecraft:oak_trapdoor":20,"epicfight:skillbook":3,"minecraft:flint_and_steel":8,"minecraft:birch_planks":147,"minecraft:stone_pickaxe":102,"minecraft:chest":7,"minecraft:wooden_pickaxe":20,"minecraft:birch_boat":2,"minecraft:iron_sword":102,"minecraft:cobblestone_slab":3,"minecraft:cooked_chicken":1,"minecraft:rotten_flesh":5,"minecraft:oak_door":2,"minecraft:torch":11,"minecraft:dirt":18,"minecraft:crafting_table":8,"minecraft:apple":9,"minecraft:bread":1,"epicfight:glove":2,"minecraft:stone_axe":225,"minecraft:cobblestone":13,"minecraft:beef":2,"minecraft:oak_sapling":12,"minecraft:furnace":7,"minecraft:cooked_porkchop":2,"alexsmobs:animal_dictionary":1,"minecraft:cooked_beef":7},"minecraft:mined":{"minecraft:crafting_table":2,"minecraft:grass_block":4,"minecraft:rose_bush":3,"minecraft:tall_grass":2,"minecraft:sugar_cane":6,"minecraft:chiseled_stone_bricks":2,"minecraft:birch_planks":6,"biomesoplenty:tall_lavender":1,"minecraft:furnace":2,"minecraft:fire":6,"minecraft:birch_log":19,"minecraft:iron_ore":10,"biomesoplenty:lavender":47,"biomesoplenty:hanging_cobweb":6,"minecraft:grass":86,"minecraft:oak_log":154,"iceandfire:gold_pile":20,"minecraft:cobblestone_slab":1,"biomesoplenty:webbing":14,"minecraft:gravel":1,"minecraft:dirt":11,"minecraft:cobweb":2,"minecraft:stone":93,"minecraft:mossy_stone_bricks":1,"minecraft:oak_leaves":12},"minecraft:killed_by":{"minecraft:player":1}},"DataVersion":3465}