{"stats":{"minecraft:killed":{"alexsmobs:fly":1},"minecraft:crafted":{"minecraft:oak_planks":20,"minecraft:stone_axe":1,"minecraft:stick":8,"minecraft:stone_pickaxe":1,"minecraft:wooden_pickaxe":1},"minecraft:custom":{"minecraft:time_since_rest":2491,"minecraft:sprint_one_cm":69,"minecraft:crouch_one_cm":113,"minecraft:walk_one_cm":37553,"minecraft:play_time":5521,"minecraft:damage_taken":375,"minecraft:deaths":1,"minecraft:sneak_time":8,"minecraft:mob_kills":1,"minecraft:jump":44,"minecraft:damage_dealt":405,"minecraft:time_since_death":2462,"minecraft:total_world_time":5521,"minecraft:interact_with_crafting_table":2,"minecraft:fall_one_cm":211,"minecraft:fly_one_cm":1424},"minecraft:picked_up":{"minecraft:rotten_flesh":2,"minecraft:oak_log":5,"minecraft:dirt":15,"minecraft:cobblestone":15},"minecraft:used":{"minecraft:wooden_pickaxe":20},"minecraft:mined":{"minecraft:grass_block":1,"minecraft:oak_log":5,"minecraft:rose_bush":1,"minecraft:dirt":11,"minecraft:stone":15,"minecraft:oak_leaves":1},"minecraft:killed_by":{"minecraft:player":1}},"DataVersion":3465}