{"stats":{"minecraft:killed":{"minecraft:zombie":2,"minecraft:pig":1,"alexsmobs:fly":1,"minecraft:cow":1},"minecraft:dropped":{"minecraft:stone_axe":1,"minecraft:charcoal":1,"minecraft:wooden_pickaxe":1},"minecraft:crafted":{"minecraft:cooked_beef":2,"minecraft:oak_door":3,"minecraft:oak_planks":32,"minecraft:charcoal":16,"minecraft:cooked_porkchop":2,"minecraft:crafting_table":3,"minecraft:stick":8,"minecraft:iron_ingot":2,"minecraft:wooden_pickaxe":1,"minecraft:birch_boat":1,"minecraft:stone_pickaxe":1,"minecraft:iron_sword":1,"minecraft:birch_planks":16,"minecraft:stone_axe":1,"minecraft:air":0},"minecraft:custom":{"minecraft:time_since_rest":25743,"minecraft:interact_with_furnace":20,"minecraft:sprint_one_cm":64213,"minecraft:damage_taken":930,"minecraft:walk_one_cm":149992,"minecraft:mob_kills":5,"minecraft:drop":3,"minecraft:damage_dealt":940,"minecraft:damage_dealt_absorbed":72,"minecraft:interact_with_crafting_table":9,"minecraft:swim_one_cm":6110,"minecraft:fly_one_cm":81080,"minecraft:open_chest":1,"minecraft:crouch_one_cm":4921,"minecraft:play_time":28773,"minecraft:deaths":1,"minecraft:sneak_time":1916,"minecraft:walk_under_water_one_cm":9028,"minecraft:boat_one_cm":106536,"minecraft:jump":301,"minecraft:leave_game":2,"minecraft:time_since_death":25714,"minecraft:walk_on_water_one_cm":5611,"minecraft:total_world_time":28773,"minecraft:fall_one_cm":5862},"minecraft:picked_up":{"minecraft:birch_log":6,"minecraft:stick":8,"minecraft:raw_iron":8,"minecraft:birch_boat":1,"minecraft:chiseled_stone_bricks":2,"minecraft:flint":2,"epicfight:skillbook":1,"minecraft:gravel":4,"minecraft:porkchop":1,"minecraft:oak_log":64,"minecraft:dirt":17,"minecraft:rotten_flesh":4,"minecraft:apple":4,"minecraft:wheat_seeds":1,"minecraft:beef":2,"minecraft:mossy_stone_bricks":1,"minecraft:oak_sapling":22,"minecraft:sugar_cane":12,"minecraft:cobblestone":31,"minecraft:furnace":1},"minecraft:used":{"epicfight:skillbook":2,"minecraft:apple":3,"minecraft:birch_planks":9,"minecraft:stone_pickaxe":45,"minecraft:wooden_pickaxe":20,"minecraft:birch_boat":2,"minecraft:rotten_flesh":3,"minecraft:oak_door":2,"minecraft:stone_axe":85,"minecraft:dirt":17,"minecraft:crafting_table":3,"minecraft:furnace":1,"minecraft:cooked_porkchop":2,"alexsmobs:animal_dictionary":1,"minecraft:cooked_beef":2},"minecraft:mined":{"minecraft:furnace":1,"minecraft:iron_ore":8,"minecraft:birch_log":6,"minecraft:grass_block":1,"minecraft:oak_log":62,"minecraft:rose_bush":3,"minecraft:gravel":1,"minecraft:dirt":11,"minecraft:stone":41,"minecraft:sugar_cane":6,"minecraft:mossy_stone_bricks":1,"minecraft:oak_leaves":1,"minecraft:chiseled_stone_bricks":2},"minecraft:killed_by":{"minecraft:player":1}},"DataVersion":3465}