{"stats":{"minecraft:broken":{"minecraft:stone_axe":1},"minecraft:killed":{"minecraft:cave_spider":1,"minecraft:horse":3,"minecraft:skeleton":2,"minecraft:pig":10,"ars_nouveau:drygmy":1,"ars_nouveau:starbuncle":1,"iceandfire:troll":1,"minecraft:creeper":2,"minecraft:sheep":2,"minecraft:zombie":6,"iceandfire:ghost":1,"alexsmobs:fly":1,"alexsmobs:crow":4,"minecraft:cow":13},"minecraft:dropped":{"minecraft:birch_planks":72,"minecraft:cooked_beef":3,"minecraft:oak_log":263,"ars_nouveau:worn_notebook":3,"minecraft:torch":1,"minecraft:rose_bush":1,"minecraft:birch_log":77,"minecraft:oak_door":1,"minecraft:gravel":4,"minecraft:stone_axe":2,"alexsmobs:animal_dictionary":1,"minecraft:rotten_flesh":1,"minecraft:oak_planks":1,"minecraft:chiseled_stone_bricks":2,"minecraft:cobblestone_slab":9,"minecraft:charcoal":1,"minecraft:mossy_stone_bricks":1,"minecraft:wooden_pickaxe":1},"minecraft:custom":{"minecraft:mob_kills":48,"minecraft:interact_with_crafting_table":26,"minecraft:leave_game":3,"minecraft:time_since_death":84995,"minecraft:climb_one_cm":4764,"minecraft:sprint_one_cm":296649,"minecraft:walk_one_cm":587187,"minecraft:drop":38,"minecraft:damage_dealt_absorbed":182,"minecraft:play_time":88054,"minecraft:sneak_time":5920,"minecraft:deaths":1,"minecraft:walk_under_water_one_cm":15474,"minecraft:boat_one_cm":106536,"minecraft:jump":1398,"minecraft:walk_on_water_one_cm":17447,"minecraft:total_world_time":88054,"minecraft:interact_with_furnace":45,"minecraft:time_since_rest":85024,"minecraft:damage_taken":2195,"minecraft:trigger_trapped_chest":1,"minecraft:damage_dealt":7156,"minecraft:swim_one_cm":28333,"minecraft:fly_one_cm":467707,"minecraft:open_chest":24,"minecraft:crouch_one_cm":24774,"minecraft:fall_one_cm":33170},"minecraft:crafted":{"minecraft:oak_door":3,"minecraft:oak_planks":100,"minecraft:cobblestone_slab":12,"ars_nouveau:archwood_planks":192,"minecraft:iron_nugget":9,"minecraft:birch_boat":1,"minecraft:cooked_chicken":1,"minecraft:furnace":4,"epicfight:glove":1,"minecraft:oak_trapdoor":20,"minecraft:flint_and_steel":1,"minecraft:stone_pickaxe":1,"minecraft:chest":7,"minecraft:cooked_beef":22,"biomesoplenty:jacaranda_planks":8,"minecraft:cooked_porkchop":2,"minecraft:crafting_table":7,"minecraft:wooden_pickaxe":1,"minecraft:iron_sword":1,"minecraft:birch_planks":208,"minecraft:stone_axe":3,"minecraft:bread":1,"minecraft:air":0,"minecraft:charcoal":16,"minecraft:stick":12,"minecraft:iron_ingot":12,"minecraft:gold_ingot":23,"minecraft:torch":40},"minecraft:picked_up":{"iceandfire:dragon_skull_lightning":1,"minecraft:crafting_table":2,"minecraft:wooden_pickaxe":1,"ars_nouveau:blue_archwood_sapling":5,"minecraft:string":2,"minecraft:raw_copper":3,"iceandfire:graveyard_soil":1,"minecraft:gold_nugget":204,"minecraft:beef":27,"ars_nouveau:mendosteen_pod":3,"minecraft:sugar_cane":12,"minecraft:birch_sapling":4,"minecraft:furnace":3,"minecraft:raw_iron":10,"minecraft:stick":50,"iceandfire:dragonbone":16,"minecraft:porkchop":18,"epicfight:skillbook":2,"ars_nouveau:blue_archwood_log":48,"ars_nouveau:green_archwood_log":68,"minecraft:rotten_flesh":15,"minecraft:arrow":1,"biomesoplenty:jacaranda_log":2,"minecraft:mutton":3,"minecraft:white_wool":2,"minecraft:cobblestone":92,"biomesoplenty:lavender":25,"minecraft:birch_log":132,"minecraft:feather":1,"minecraft:cooked_beef":1,"minecraft:leather":20,"minecraft:birch_planks":69,"minecraft:flint":2,"minecraft:oak_log":407,"minecraft:gunpowder":5,"minecraft:dirt":18,"ars_nouveau:green_archwood_sapling":4,"minecraft:bone":3,"minecraft:apple":9,"minecraft:wheat_seeds":12,"minecraft:mossy_stone_bricks":1,"minecraft:cooked_porkchop":1,"minecraft:birch_boat":1,"minecraft:chiseled_stone_bricks":2,"minecraft:gravel":4,"minecraft:stone_axe":1,"minecraft:oak_sapling":75},"minecraft:used":{"minecraft:oak_trapdoor":20,"minecraft:flint_and_steel":8,"minecraft:chest":7,"minecraft:iron_sword":168,"minecraft:cooked_chicken":1,"minecraft:rotten_flesh":10,"minecraft:oak_door":2,"minecraft:torch":11,"minecraft:dirt":18,"epicfight:glove":2,"minecraft:beef":5,"minecraft:furnace":7,"minecraft:oak_sapling":12,"minecraft:cooked_beef":12,"epicfight:skillbook":3,"minecraft:birch_planks":147,"minecraft:stone_pickaxe":102,"minecraft:birch_boat":2,"minecraft:wooden_pickaxe":20,"minecraft:cobblestone_slab":3,"minecraft:crafting_table":9,"ars_nouveau:archwood_planks":68,"minecraft:apple":9,"minecraft:bread":1,"minecraft:stone_axe":356,"minecraft:cobblestone":13,"minecraft:porkchop":1,"minecraft:cooked_porkchop":3,"alexsmobs:animal_dictionary":1},"minecraft:mined":{"iceandfire:graveyard_soil":1,"biomesoplenty:bush":1,"minecraft:grass_block":4,"minecraft:chiseled_stone_bricks":2,"biomesoplenty:jacaranda_log":2,"biomesoplenty:tall_lavender":2,"minecraft:furnace":2,"minecraft:iron_ore":10,"minecraft:fire":6,"biomesoplenty:lavender":54,"biomesoplenty:hanging_cobweb":6,"iceandfire:gold_pile":20,"minecraft:cobblestone_slab":1,"minecraft:vine":1,"biomesoplenty:webbing":14,"minecraft:stone":93,"biomesoplenty:spider_egg":1,"ars_nouveau:green_archwood_log":70,"biomesoplenty:hanging_cobweb_strand":1,"minecraft:crafting_table":2,"minecraft:rose_bush":3,"minecraft:tall_grass":3,"minecraft:sugar_cane":6,"minecraft:birch_planks":8,"ars_nouveau:blue_archwood_log":50,"minecraft:birch_log":19,"minecraft:grass":99,"minecraft:oak_log":154,"minecraft:gravel":1,"minecraft:dirt":11,"biomesoplenty:stringy_cobweb":1,"minecraft:cobweb":2,"minecraft:mossy_stone_bricks":1,"minecraft:oak_leaves":12},"minecraft:killed_by":{"minecraft:player":1}},"DataVersion":3465}