{"stats":{"minecraft:broken":{"minecraft:stone_axe":1},"minecraft:killed":{"minecraft:pig":1,"ars_nouveau:drygmy":1,"iceandfire:troll":1,"minecraft:creeper":1,"minecraft:zombie":2,"alexsmobs:fly":1,"minecraft:cow":3},"minecraft:dropped":{"minecraft:gravel":4,"minecraft:stone_axe":2,"minecraft:birch_planks":9,"minecraft:cooked_beef":1,"minecraft:oak_log":263,"alexsmobs:animal_dictionary":1,"minecraft:rotten_flesh":1,"minecraft:oak_planks":1,"minecraft:chiseled_stone_bricks":2,"ars_nouveau:worn_notebook":1,"minecraft:charcoal":1,"minecraft:mossy_stone_bricks":1,"minecraft:wooden_pickaxe":1,"minecraft:birch_log":77},"minecraft:custom":{"minecraft:interact_with_furnace":37,"minecraft:mob_kills":10,"minecraft:interact_with_crafting_table":19,"minecraft:leave_game":3,"minecraft:time_since_death":48995,"minecraft:climb_one_cm":4764,"minecraft:time_since_rest":49024,"minecraft:sprint_one_cm":102811,"minecraft:damage_taken":1335,"minecraft:walk_one_cm":349461,"minecraft:drop":28,"minecraft:damage_dealt":2105,"minecraft:damage_dealt_absorbed":81,"minecraft:swim_one_cm":20475,"minecraft:fly_one_cm":142787,"minecraft:open_chest":1,"minecraft:crouch_one_cm":6265,"minecraft:play_time":52054,"minecraft:deaths":1,"minecraft:sneak_time":2758,"minecraft:walk_under_water_one_cm":14384,"minecraft:boat_one_cm":106536,"minecraft:jump":590,"minecraft:walk_on_water_one_cm":8643,"minecraft:total_world_time":52054,"minecraft:fall_one_cm":13306},"minecraft:crafted":{"minecraft:cooked_beef":5,"minecraft:oak_door":3,"minecraft:oak_planks":100,"minecraft:cobblestone_slab":12,"minecraft:cooked_porkchop":2,"minecraft:iron_nugget":9,"minecraft:crafting_table":5,"minecraft:birch_boat":1,"minecraft:wooden_pickaxe":1,"minecraft:iron_sword":1,"minecraft:furnace":3,"minecraft:birch_planks":16,"minecraft:stone_axe":1,"epicfight:glove":1,"minecraft:bread":1,"minecraft:air":0,"minecraft:flint_and_steel":1,"minecraft:charcoal":16,"minecraft:stick":12,"minecraft:iron_ingot":12,"minecraft:stone_pickaxe":1},"minecraft:picked_up":{"minecraft:birch_log":132,"minecraft:crafting_table":2,"minecraft:cooked_beef":1,"minecraft:leather":2,"minecraft:birch_planks":4,"minecraft:flint":2,"minecraft:oak_log":407,"minecraft:gunpowder":2,"minecraft:dirt":17,"minecraft:apple":9,"minecraft:wheat_seeds":5,"minecraft:beef":7,"minecraft:mossy_stone_bricks":1,"minecraft:sugar_cane":12,"minecraft:birch_sapling":4,"minecraft:furnace":2,"minecraft:stick":42,"minecraft:raw_iron":10,"minecraft:birch_boat":1,"minecraft:chiseled_stone_bricks":2,"epicfight:skillbook":1,"minecraft:gravel":4,"minecraft:porkchop":1,"minecraft:rotten_flesh":6,"minecraft:stone_axe":1,"minecraft:oak_sapling":75,"minecraft:cobblestone":47},"minecraft:used":{"epicfight:skillbook":2,"minecraft:flint_and_steel":7,"minecraft:birch_planks":14,"minecraft:stone_pickaxe":54,"minecraft:wooden_pickaxe":20,"minecraft:birch_boat":2,"minecraft:iron_sword":19,"minecraft:cobblestone_slab":3,"minecraft:rotten_flesh":5,"minecraft:oak_door":2,"minecraft:dirt":17,"minecraft:crafting_table":6,"minecraft:apple":9,"minecraft:bread":1,"minecraft:stone_axe":225,"minecraft:beef":2,"minecraft:oak_sapling":12,"minecraft:furnace":5,"minecraft:cooked_porkchop":2,"alexsmobs:animal_dictionary":1,"minecraft:cooked_beef":4},"minecraft:mined":{"minecraft:crafting_table":2,"minecraft:grass_block":1,"minecraft:rose_bush":3,"minecraft:sugar_cane":6,"minecraft:chiseled_stone_bricks":2,"minecraft:birch_planks":5,"minecraft:furnace":1,"minecraft:fire":6,"minecraft:birch_log":19,"minecraft:iron_ore":10,"minecraft:grass":55,"minecraft:oak_log":154,"minecraft:cobblestone_slab":1,"minecraft:gravel":1,"minecraft:dirt":11,"minecraft:stone":47,"minecraft:mossy_stone_bricks":1,"minecraft:oak_leaves":12},"minecraft:killed_by":{"minecraft:player":1}},"DataVersion":3465}