{"stats":{"minecraft:killed":{"minecraft:pig":1,"ars_nouveau:drygmy":1,"iceandfire:troll":1,"minecraft:zombie":2,"alexsmobs:fly":1,"minecraft:cow":2},"minecraft:dropped":{"minecraft:stone_axe":1,"minecraft:charcoal":1,"minecraft:wooden_pickaxe":1},"minecraft:custom":{"minecraft:interact_with_furnace":22,"minecraft:mob_kills":8,"minecraft:interact_with_crafting_table":13,"minecraft:leave_game":3,"minecraft:time_since_death":37884,"minecraft:climb_one_cm":4764,"minecraft:time_since_rest":37913,"minecraft:sprint_one_cm":92975,"minecraft:damage_taken":1275,"minecraft:walk_one_cm":203740,"minecraft:drop":3,"minecraft:damage_dealt":1945,"minecraft:damage_dealt_absorbed":72,"minecraft:swim_one_cm":20475,"minecraft:fly_one_cm":138498,"minecraft:open_chest":1,"minecraft:crouch_one_cm":6265,"minecraft:play_time":40943,"minecraft:deaths":1,"minecraft:sneak_time":2758,"minecraft:walk_under_water_one_cm":14384,"minecraft:boat_one_cm":106536,"minecraft:jump":539,"minecraft:walk_on_water_one_cm":8643,"minecraft:total_world_time":40943,"minecraft:fall_one_cm":13306},"minecraft:crafted":{"minecraft:cooked_beef":2,"minecraft:oak_door":3,"minecraft:oak_planks":36,"minecraft:cobblestone_slab":12,"minecraft:cooked_porkchop":2,"minecraft:crafting_table":4,"minecraft:wooden_pickaxe":1,"minecraft:birch_boat":1,"minecraft:iron_sword":1,"minecraft:furnace":3,"minecraft:birch_planks":16,"minecraft:stone_axe":1,"minecraft:bread":1,"minecraft:air":0,"minecraft:charcoal":16,"minecraft:stick":12,"minecraft:iron_ingot":2,"minecraft:stone_pickaxe":1},"minecraft:picked_up":{"minecraft:birch_log":6,"minecraft:crafting_table":1,"minecraft:cooked_beef":1,"minecraft:birch_planks":4,"minecraft:flint":2,"minecraft:oak_log":64,"minecraft:dirt":17,"minecraft:apple":4,"minecraft:wheat_seeds":1,"minecraft:beef":4,"minecraft:mossy_stone_bricks":1,"minecraft:sugar_cane":12,"minecraft:furnace":2,"minecraft:stick":10,"minecraft:raw_iron":10,"minecraft:birch_boat":1,"minecraft:chiseled_stone_bricks":2,"minecraft:gravel":4,"epicfight:skillbook":1,"minecraft:porkchop":1,"minecraft:rotten_flesh":4,"minecraft:oak_sapling":23,"minecraft:cobblestone":47},"minecraft:used":{"epicfight:skillbook":2,"minecraft:birch_planks":14,"minecraft:stone_pickaxe":54,"minecraft:birch_boat":2,"minecraft:wooden_pickaxe":20,"minecraft:iron_sword":18,"minecraft:cobblestone_slab":3,"minecraft:rotten_flesh":4,"minecraft:oak_door":2,"minecraft:dirt":17,"minecraft:crafting_table":5,"minecraft:apple":4,"minecraft:bread":1,"minecraft:stone_axe":95,"minecraft:beef":2,"minecraft:furnace":4,"minecraft:cooked_porkchop":2,"alexsmobs:animal_dictionary":1,"minecraft:cooked_beef":3},"minecraft:mined":{"minecraft:crafting_table":1,"minecraft:grass_block":1,"minecraft:rose_bush":3,"minecraft:sugar_cane":6,"minecraft:chiseled_stone_bricks":2,"minecraft:birch_planks":5,"minecraft:furnace":1,"minecraft:birch_log":6,"minecraft:iron_ore":10,"minecraft:grass":3,"minecraft:oak_log":62,"minecraft:cobblestone_slab":1,"minecraft:dirt":11,"minecraft:gravel":1,"minecraft:stone":47,"minecraft:mossy_stone_bricks":1,"minecraft:oak_leaves":1},"minecraft:killed_by":{"minecraft:player":1}},"DataVersion":3465}