{"stats":{"minecraft:killed":{"minecraft:zombie":1,"minecraft:pig":1,"alexsmobs:fly":1,"minecraft:cow":1},"minecraft:dropped":{"minecraft:charcoal":1},"minecraft:custom":{"minecraft:time_since_rest":17781,"minecraft:interact_with_furnace":15,"minecraft:sprint_one_cm":50836,"minecraft:damage_taken":665,"minecraft:walk_one_cm":120811,"minecraft:mob_kills":4,"minecraft:drop":1,"minecraft:damage_dealt":858,"minecraft:swim_one_cm":6110,"minecraft:damage_dealt_absorbed":63,"minecraft:interact_with_crafting_table":6,"minecraft:fly_one_cm":69659,"minecraft:open_chest":1,"minecraft:crouch_one_cm":374,"minecraft:play_time":20811,"minecraft:deaths":1,"minecraft:sneak_time":185,"minecraft:walk_under_water_one_cm":9028,"minecraft:boat_one_cm":106536,"minecraft:jump":215,"minecraft:leave_game":2,"minecraft:walk_on_water_one_cm":5611,"minecraft:time_since_death":17752,"minecraft:total_world_time":20811,"minecraft:fall_one_cm":3200},"minecraft:crafted":{"minecraft:cooked_beef":2,"minecraft:oak_door":3,"minecraft:oak_planks":24,"minecraft:charcoal":16,"minecraft:cooked_porkchop":1,"minecraft:crafting_table":2,"minecraft:stick":8,"minecraft:wooden_pickaxe":1,"minecraft:birch_boat":1,"minecraft:stone_pickaxe":1,"minecraft:stone_axe":1,"minecraft:air":0},"minecraft:picked_up":{"minecraft:birch_log":6,"minecraft:stick":8,"minecraft:birch_boat":1,"minecraft:chiseled_stone_bricks":2,"minecraft:gravel":1,"minecraft:porkchop":1,"minecraft:oak_log":64,"minecraft:dirt":15,"minecraft:rotten_flesh":3,"minecraft:apple":4,"minecraft:wheat_seeds":1,"minecraft:beef":2,"minecraft:mossy_stone_bricks":1,"minecraft:oak_sapling":22,"minecraft:sugar_cane":12,"minecraft:cobblestone":15,"minecraft:furnace":1},"minecraft:used":{"minecraft:stone_pickaxe":11,"minecraft:birch_boat":2,"minecraft:wooden_pickaxe":20,"minecraft:rotten_flesh":2,"minecraft:oak_door":2,"minecraft:stone_axe":84,"minecraft:crafting_table":2,"alexsmobs:animal_dictionary":1,"minecraft:cooked_beef":2},"minecraft:mined":{"minecraft:furnace":1,"minecraft:birch_log":6,"minecraft:grass_block":1,"minecraft:oak_log":62,"minecraft:rose_bush":3,"minecraft:gravel":1,"minecraft:dirt":11,"minecraft:stone":15,"minecraft:sugar_cane":6,"minecraft:mossy_stone_bricks":1,"minecraft:oak_leaves":1,"minecraft:chiseled_stone_bricks":2},"minecraft:killed_by":{"minecraft:player":1}},"DataVersion":3465}