{"stats":{"minecraft:dropped":{"alexsmobs:animal_dictionary":1},"minecraft:picked_up":{"minecraft:stick":4,"minecraft:oak_log":7,"minecraft:oak_sapling":5,"alexsmobs:animal_dictionary":1},"minecraft:mined":{"minecraft:oak_log":8,"minecraft:oak_leaves":1},"minecraft:custom":{"minecraft:jump":33,"minecraft:time_since_rest":2422,"minecraft:leave_game":1,"minecraft:crouch_one_cm":131,"minecraft:sprint_one_cm":12213,"minecraft:play_time":2422,"minecraft:time_since_death":2422,"minecraft:walk_one_cm":23484,"minecraft:sneak_time":4,"minecraft:total_world_time":2422,"minecraft:drop":1,"minecraft:fall_one_cm":687,"minecraft:fly_one_cm":10686},"minecraft:crafted":{"minecraft:oak_planks":28}},"DataVersion":3465}