{"stats":{"minecraft:used":{"minecraft:wooden_axe":16,"minecraft:cooked_mutton":2,"minecraft:apple":1,"minecraft:chicken":3,"minecraft:wooden_sword":102,"minecraft:beef":2,"minecraft:mutton":1,"minecraft:porkchop":2,"minecraft:oak_boat":3},"minecraft:dropped":{"minecraft:dirt":8,"minecraft:wheat_seeds":5,"minecraft:peony":1,"minecraft:rose_bush":4,"minecraft:rotten_flesh":3,"minecraft:red_tulip":2,"minecraft:pink_tulip":2},"minecraft:picked_up":{"biomesoplenty:lavender":1,"minecraft:birch_log":1,"minecraft:crafting_table":1,"minecraft:feather":3,"minecraft:chicken":4,"minecraft:leather":8,"minecraft:porkchop":10,"minecraft:oak_log":23,"minecraft:dirt":18,"minecraft:rotten_flesh":3,"minecraft:apple":1,"minecraft:kelp":5,"minecraft:peony":1,"minecraft:wheat_seeds":5,"minecraft:beef":13,"minecraft:red_tulip":2,"minecraft:rose_bush":4,"minecraft:oak_boat":3,"minecraft:pink_tulip":2,"minecraft:light_gray_wool":1,"minecraft:oak_sapling":1,"minecraft:mutton":1},"minecraft:mined":{"biomesoplenty:pink_daffodil":1,"biomesoplenty:lavender":1,"minecraft:birch_leaves":1,"minecraft:crafting_table":1,"minecraft:peony":1,"minecraft:grass":28,"minecraft:grass_block":7,"minecraft:oak_log":23,"minecraft:rose_bush":1,"minecraft:dirt":3,"biomesoplenty:high_grass_plant":2,"minecraft:pink_tulip":1,"minecraft:oak_leaves":1},"minecraft:custom":{"minecraft:time_since_rest":13922,"minecraft:sprint_one_cm":189982,"minecraft:interact_with_furnace":3,"minecraft:damage_taken":815,"minecraft:walk_one_cm":387138,"minecraft:mob_kills":17,"minecraft:drop":14,"minecraft:damage_dealt":1410,"minecraft:swim_one_cm":2830,"minecraft:interact_with_crafting_table":10,"minecraft:fly_one_cm":38078,"minecraft:crouch_one_cm":173,"minecraft:play_time":37549,"minecraft:deaths":2,"minecraft:sneak_time":85,"minecraft:walk_under_water_one_cm":3657,"minecraft:boat_one_cm":377145,"minecraft:jump":630,"minecraft:leave_game":4,"minecraft:time_since_death":13890,"minecraft:walk_on_water_one_cm":5226,"minecraft:total_world_time":37549,"minecraft:climb_one_cm":2090,"minecraft:fall_one_cm":6389},"minecraft:crafted":{"minecraft:wooden_sword":4,"minecraft:oak_boat":2,"minecraft:oak_planks":92,"minecraft:stick":24,"minecraft:wooden_pickaxe":2,"minecraft:wooden_axe":2,"minecraft:birch_planks":8,"minecraft:cooked_mutton":2},"minecraft:killed":{"minecraft:sheep":1,"minecraft:pig":4,"minecraft:chicken":4,"minecraft:cow":8}},"DataVersion":3465}