{"stats":{"minecraft:broken":{"minecraft:stone_pickaxe":6,"minecraft:iron_pickaxe":5,"minecraft:stone_shovel":1},"minecraft:killed":{"minecraft:pig":3,"irons_spellbooks:summoned_zombie":1,"minecraft:skeleton":2,"minecraft:sheep":4,"minecraft:zombie":10,"minecraft:chicken":3,"minecraft:cow":1},"minecraft:dropped":{"minecraft:gravel":54,"minecraft:raw_copper":10,"minecraft:tuff":6,"minecraft:birch_sapling":10,"minecraft:feather":2,"minecraft:cobblestone":982,"minecraft:granite":132,"minecraft:azure_bluet":1,"minecraft:rail":1,"minecraft:oxeye_daisy":2,"minecraft:dirt":111,"minecraft:gray_wool":1,"minecraft:diorite":64,"minecraft:andesite":199,"minecraft:wooden_axe":1,"minecraft:rose_bush":1,"minecraft:oak_sapling":23,"minecraft:wooden_shovel":1,"minecraft:wooden_sword":1,"minecraft:stone_pickaxe":5,"minecraft:wooden_pickaxe":1,"minecraft:iron_pickaxe":1,"minecraft:egg":1},"minecraft:custom":{"minecraft:interact_with_furnace":83,"minecraft:mob_kills":24,"minecraft:interact_with_crafting_table":32,"minecraft:time_since_death":137451,"minecraft:time_since_rest":137451,"minecraft:sprint_one_cm":379167,"minecraft:damage_absorbed":272,"minecraft:damage_taken":575,"minecraft:walk_one_cm":417540,"minecraft:damage_blocked_by_shield":330,"minecraft:drop":65,"minecraft:damage_dealt":4043,"minecraft:fly_one_cm":89169,"minecraft:player_kills":2,"minecraft:open_chest":2,"minecraft:crouch_one_cm":214883,"minecraft:play_time":137451,"minecraft:sneak_time":50234,"minecraft:walk_under_water_one_cm":192,"minecraft:jump":703,"minecraft:walk_on_water_one_cm":4807,"minecraft:total_world_time":137451,"minecraft:fall_one_cm":9288},"minecraft:crafted":{"minecraft:cooked_beef":3,"minecraft:wooden_sword":1,"minecraft:oak_planks":256,"minecraft:wooden_shovel":1,"minecraft:stone_shovel":1,"minecraft:cooked_porkchop":4,"minecraft:crafting_table":13,"minecraft:iron_helmet":1,"minecraft:wooden_pickaxe":1,"minecraft:cooked_chicken":2,"minecraft:iron_sword":1,"minecraft:furnace":11,"minecraft:bucket":1,"minecraft:birch_planks":60,"minecraft:stone_axe":1,"minecraft:cooked_mutton":3,"minecraft:air":0,"minecraft:white_wool":1,"minecraft:iron_boots":1,"minecraft:iron_chestplate":1,"minecraft:shield":1,"minecraft:iron_axe":1,"minecraft:stick":80,"minecraft:iron_pickaxe":7,"minecraft:iron_ingot":103,"minecraft:stone_pickaxe":10,"minecraft:wooden_axe":1,"minecraft:chest":1,"minecraft:stone_sword":1,"minecraft:iron_leggings":1,"minecraft:iron_shovel":1,"minecraft:white_bed":1,"minecraft:torch":220},"minecraft:picked_up":{"minecraft:birch_log":21,"minecraft:crafting_table":2,"minecraft:azure_bluet":1,"minecraft:feather":2,"minecraft:chicken":3,"minecraft:andesite":208,"minecraft:flint":4,"minecraft:tuff":9,"minecraft:oak_log":64,"minecraft:gunpowder":1,"minecraft:lapis_lazuli":14,"minecraft:string":25,"minecraft:dirt":148,"minecraft:raw_copper":10,"minecraft:bone":4,"minecraft:apple":3,"minecraft:cobbled_deepslate":182,"minecraft:raw_gold":5,"minecraft:beef":3,"minecraft:stone_pickaxe":2,"minecraft:rose_bush":1,"minecraft:birch_sapling":10,"minecraft:furnace":6,"minecraft:egg":1,"minecraft:stick":26,"minecraft:raw_iron":115,"epicfight:skillbook":1,"minecraft:torch":7,"minecraft:gravel":99,"minecraft:porkchop":6,"minecraft:diorite":71,"minecraft:arrow":4,"minecraft:rotten_flesh":12,"minecraft:diamond":1,"minecraft:granite":132,"minecraft:gray_wool":1,"minecraft:oak_sapling":23,"minecraft:rail":1,"minecraft:mutton":5,"minecraft:coal":195,"minecraft:white_wool":2,"minecraft:cobblestone":1432,"minecraft:oxeye_daisy":2},"minecraft:used":{"epicfight:skillbook":1,"minecraft:cooked_mutton":3,"minecraft:stone_sword":18,"minecraft:iron_shovel":99,"minecraft:stone_shovel":131,"minecraft:stone_pickaxe":1129,"minecraft:chest":1,"minecraft:shield":6,"minecraft:wooden_pickaxe":30,"minecraft:iron_sword":72,"minecraft:wooden_shovel":24,"minecraft:cooked_chicken":2,"minecraft:rotten_flesh":6,"minecraft:torch":212,"minecraft:dirt":37,"minecraft:crafting_table":15,"minecraft:white_bed":1,"minecraft:wooden_axe":40,"minecraft:apple":3,"minecraft:iron_pickaxe":1675,"minecraft:stone_axe":61,"minecraft:wooden_sword":19,"minecraft:cobblestone":75,"minecraft:furnace":17,"minecraft:cooked_porkchop":4,"minecraft:bucket":1,"minecraft:cooked_beef":2},"minecraft:mined":{"minecraft:tuff":19,"minecraft:deepslate_diamond_ore":1,"minecraft:crafting_table":2,"minecraft:granite":235,"minecraft:grass_block":10,"minecraft:rose_bush":1,"minecraft:cobblestone":5,"minecraft:copper_ore":6,"minecraft:deepslate_gold_ore":5,"minecraft:lapis_ore":3,"minecraft:diorite":109,"minecraft:oxeye_daisy":1,"minecraft:wall_torch":5,"minecraft:spawner":2,"minecraft:furnace":6,"minecraft:birch_log":21,"minecraft:iron_ore":105,"minecraft:andesite":221,"minecraft:azure_bluet":1,"minecraft:grass":4,"minecraft:oak_log":67,"minecraft:coal_ore":171,"minecraft:deepslate_iron_ore":10,"minecraft:rail":1,"minecraft:dirt":132,"minecraft:gravel":121,"minecraft:cobweb":25,"minecraft:stone":1758,"minecraft:deepslate":167,"minecraft:oak_leaves":2}},"DataVersion":3465}