{"stats":{"minecraft:killed":{"minecraft:zombie":1},"minecraft:crafted":{"minecraft:wooden_sword":1,"minecraft:wooden_shovel":1,"minecraft:birch_planks":36,"minecraft:crafting_table":1,"minecraft:stick":8,"minecraft:wooden_pickaxe":1,"minecraft:wooden_axe":1},"minecraft:custom":{"minecraft:time_since_rest":5451,"minecraft:crouch_one_cm":1345,"minecraft:play_time":5451,"minecraft:sprint_one_cm":32041,"minecraft:damage_taken":210,"minecraft:walk_one_cm":42600,"minecraft:sneak_time":354,"minecraft:mob_kills":1,"minecraft:jump":15,"minecraft:damage_dealt":484,"minecraft:time_since_death":5451,"minecraft:total_world_time":5451,"minecraft:interact_with_crafting_table":3,"minecraft:fly_one_cm":6879,"minecraft:player_kills":2},"minecraft:picked_up":{"minecraft:birch_log":9,"minecraft:stick":10,"minecraft:rotten_flesh":1,"minecraft:rose_bush":1,"minecraft:oak_log":30,"minecraft:oak_sapling":7,"minecraft:birch_sapling":1,"minecraft:oxeye_daisy":1},"minecraft:used":{"minecraft:rotten_flesh":1,"minecraft:wooden_axe":38,"minecraft:wooden_sword":14,"minecraft:crafting_table":1},"minecraft:mined":{"minecraft:grass":2,"minecraft:oak_log":30,"minecraft:rose_bush":1,"minecraft:birch_log":9,"minecraft:oxeye_daisy":1,"minecraft:oak_leaves":2}},"DataVersion":3465}