{"stats":{"minecraft:used":{"minecraft:stone_sword":18,"minecraft:iron_shovel":149,"minecraft:stone_shovel":131,"minecraft:chest":1,"minecraft:shield":24,"minecraft:iron_sword":573,"minecraft:wooden_shovel":24,"minecraft:cooked_chicken":2,"minecraft:rotten_flesh":15,"minecraft:torch":429,"minecraft:dirt":71,"minecraft:wooden_axe":40,"minecraft:iron_axe":91,"minecraft:bow":28,"minecraft:furnace":22,"ars_nouveau:sourceberry_bush":5,"minecraft:cooked_beef":2,"minecraft:cooked_mutton":3,"minecraft:water_bucket":2,"epicfight:skillbook":11,"minecraft:stone_pickaxe":1129,"minecraft:oak_planks":32,"minecraft:wooden_pickaxe":30,"minecraft:glow_berries":24,"minecraft:crafting_table":23,"minecraft:white_bed":6,"minecraft:apple":4,"minecraft:bread":45,"minecraft:iron_pickaxe":2444,"minecraft:stone_axe":61,"minecraft:wooden_sword":19,"minecraft:cobblestone":193,"travelersbackpack:standard":3,"minecraft:cooked_porkchop":4,"minecraft:andesite":13,"minecraft:bucket":3},"minecraft:dropped":{"minecraft:iron_ingot":30,"minecraft:bread":24,"minecraft:iron_sword":1,"minecraft:porkchop":2,"minecraft:wheat_seeds":1,"minecraft:cooked_beef":1,"minecraft:feather":2,"minecraft:cobblestone":1346,"minecraft:granite":184,"irons_spellbooks:tarnished_helmet":1,"minecraft:rail":4,"minecraft:oxeye_daisy":2,"minecraft:dirt":111,"minecraft:gray_wool":1,"minecraft:diorite":64,"minecraft:wooden_axe":1,"minecraft:rose_bush":1,"minecraft:brown_wool":1,"minecraft:wooden_sword":1,"minecraft:iron_pickaxe":1,"minecraft:string":22,"minecraft:white_wool":1,"epicfight:stray_pants":1,"minecraft:bone":11,"minecraft:gravel":54,"minecraft:furnace":3,"minecraft:cobbled_deepslate":256,"minecraft:raw_copper":10,"minecraft:tuff":6,"minecraft:birch_sapling":10,"minecraft:rotten_flesh":18,"minecraft:oak_planks":92,"minecraft:iron_boots":1,"minecraft:azure_bluet":1,"minecraft:tipped_arrow":1,"minecraft:andesite":203,"minecraft:wooden_shovel":1,"minecraft:oak_sapling":23,"minecraft:spider_eye":1,"minecraft:iron_bars":6,"minecraft:bow":2,"minecraft:wooden_pickaxe":1,"minecraft:stone_pickaxe":5,"minecraft:egg":1},"minecraft:picked_up":{"minecraft:crafting_table":3,"minecraft:wheat":7,"minecraft:azure_bluet":1,"minecraft:chicken":3,"irons_spellbooks:tarnished_helmet":2,"minecraft:oak_stairs":1,"epicfight:stray_pants":1,"minecraft:string":78,"minecraft:raw_copper":10,"minecraft:cobbled_deepslate":236,"bosses_of_mass_destruction:soul_star":1,"minecraft:beef":3,"minecraft:rose_bush":1,"minecraft:coal_block":3,"minecraft:birch_sapling":10,"minecraft:furnace":6,"minecraft:egg":1,"minecraft:tipped_arrow":1,"minecraft:stick":28,"minecraft:raw_iron":193,"minecraft:torch":9,"epicfight:skillbook":3,"minecraft:porkchop":26,"minecraft:diorite":71,"minecraft:waxed_cut_copper_stairs":1,"minecraft:arrow":29,"minecraft:rotten_flesh":47,"minecraft:hay_block":40,"minecraft:stripped_dark_oak_wood":2,"minecraft:iron_bars":7,"minecraft:mutton":8,"minecraft:rail":4,"minecraft:white_wool":4,"minecraft:cobblestone":1835,"minecraft:oxeye_daisy":2,"minecraft:birch_log":21,"minecraft:feather":2,"minecraft:andesite":227,"minecraft:brown_wool":1,"minecraft:leather":3,"minecraft:flint":4,"minecraft:tuff":9,"minecraft:oak_log":65,"minecraft:gunpowder":5,"minecraft:lapis_lazuli":160,"minecraft:dirt":186,"spartanweaponry:iron_rapier":1,"minecraft:bone":23,"minecraft:apple":4,"minecraft:bow":2,"minecraft:wheat_seeds":1,"minecraft:raw_gold":5,"minecraft:stone_pickaxe":2,"minecraft:iron_sword":2,"minecraft:oak_planks":106,"minecraft:book":18,"minecraft:smooth_basalt":2,"minecraft:gravel":105,"minecraft:white_bed":6,"minecraft:spider_eye":5,"minecraft:diamond":1,"minecraft:granite":184,"minecraft:gray_wool":1,"alexsmobs:maggot":2,"minecraft:oak_sapling":23,"minecraft:coal":287,"minecraft:ender_pearl":2},"minecraft:custom":{"minecraft:mob_kills":130,"minecraft:interact_with_crafting_table":42,"minecraft:time_since_death":274568,"minecraft:climb_one_cm":1472,"minecraft:sprint_one_cm":1472219,"minecraft:walk_one_cm":1280812,"minecraft:damage_blocked_by_shield":2040,"minecraft:drop":114,"minecraft:talked_to_villager":1,"minecraft:play_time":274568,"minecraft:sneak_time":70782,"minecraft:walk_under_water_one_cm":2155,"minecraft:boat_one_cm":51946,"minecraft:jump":2053,"minecraft:walk_on_water_one_cm":22517,"minecraft:total_world_time":274568,"minecraft:interact_with_furnace":100,"spartanshields:shield_bash_hits":5,"minecraft:sleep_in_bed":4,"minecraft:time_since_rest":2856,"minecraft:waystone_activated":1,"minecraft:damage_taken":1460,"minecraft:damage_absorbed":4162,"minecraft:damage_dealt":24795,"minecraft:player_kills":2,"minecraft:swim_one_cm":823,"minecraft:fly_one_cm":446060,"minecraft:open_chest":65,"minecraft:crouch_one_cm":332542,"minecraft:fall_one_cm":36217},"minecraft:mined":{"minecraft:tuff":19,"minecraft:white_bed":5,"minecraft:deepslate_diamond_ore":1,"minecraft:red_nether_bricks":3,"minecraft:granite":270,"biomesoplenty:bush":2,"minecraft:grass_block":13,"minecraft:oak_pressure_plate":1,"minecraft:coal_block":3,"minecraft:oxeye_daisy":1,"minecraft:spawner":14,"minecraft:black_stained_glass_pane":1,"minecraft:hay_block":41,"minecraft:furnace":6,"minecraft:iron_ore":183,"minecraft:fire":2,"minecraft:andesite":241,"minecraft:stripped_dark_oak_wood":2,"minecraft:azure_bluet":2,"minecraft:polished_deepslate":1,"minecraft:bookshelf":6,"minecraft:cave_vines":1,"minecraft:deepslate_iron_ore":10,"minecraft:rail":2,"minecraft:iron_bars":7,"minecraft:smooth_quartz_stairs":5,"minecraft:stripped_mangrove_wood":9,"minecraft:stone":2211,"minecraft:waxed_cut_copper":1,"minecraft:waxed_cut_copper_stairs":1,"minecraft:mangrove_stairs":1,"minecraft:crafting_table":3,"minecraft:torch":1,"minecraft:calcite":13,"minecraft:rose_bush":1,"minecraft:tall_grass":2,"minecraft:copper_ore":6,"minecraft:cobblestone":16,"minecraft:lapis_ore":23,"minecraft:deepslate_gold_ore":5,"minecraft:oak_planks":13,"minecraft:diorite":110,"minecraft:wall_torch":6,"minecraft:amethyst_block":6,"minecraft:birch_log":21,"minecraft:grass":22,"minecraft:oak_log":67,"minecraft:coal_ore":264,"minecraft:cyan_carpet":1,"minecraft:gravel":126,"minecraft:dirt":175,"minecraft:cobweb":83,"minecraft:smooth_basalt":2,"minecraft:oak_leaves":3,"minecraft:deepslate":168},"minecraft:broken":{"minecraft:stone_pickaxe":6,"minecraft:iron_sword":2,"minecraft:iron_pickaxe":8,"minecraft:stone_shovel":1},"minecraft:crafted":{"minecraft:wooden_sword":1,"minecraft:oak_planks":256,"minecraft:stone_shovel":1,"minecraft:cooked_chicken":2,"minecraft:furnace":19,"minecraft:cooked_mutton":5,"minecraft:bow":1,"minecraft:iron_boots":2,"minecraft:iron_axe":1,"minecraft:stone_pickaxe":10,"minecraft:chest":1,"minecraft:wheat":353,"minecraft:cooked_beef":3,"minecraft:wooden_shovel":1,"minecraft:cooked_porkchop":4,"minecraft:crafting_table":21,"minecraft:wooden_pickaxe":1,"minecraft:iron_helmet":1,"minecraft:iron_sword":2,"minecraft:bucket":1,"minecraft:birch_planks":60,"minecraft:stone_axe":1,"minecraft:bread":120,"minecraft:air":0,"minecraft:white_wool":1,"minecraft:iron_chestplate":1,"minecraft:shield":1,"minecraft:stick":124,"minecraft:iron_ingot":177,"minecraft:iron_pickaxe":10,"minecraft:wooden_axe":1,"minecraft:stone_sword":1,"minecraft:iron_shovel":1,"minecraft:iron_leggings":1,"minecraft:white_bed":1,"minecraft:torch":356},"minecraft:killed":{"minecraft:cave_spider":5,"irons_spellbooks:summoned_zombie":3,"minecraft:spider":6,"minecraft:skeleton":26,"minecraft:chicken":3,"minecraft:drowned":1,"irons_spellbooks:summoned_skeleton":1,"minecraft:husk":7,"minecraft:pig":10,"minecraft:zombie_villager":1,"irons_spellbooks:necromancer":1,"minecraft:creeper":4,"minecraft:sheep":7,"minecraft:zombie":37,"minecraft:stray":5,"alexsmobs:fly":1,"minecraft:wither_skeleton":3,"minecraft:cow":1,"minecraft:enderman":3}},"DataVersion":3465}