{"stats":{"minecraft:killed":{"minecraft:sheep":4,"minecraft:zombie":1,"minecraft:pig":3,"minecraft:chicken":3,"minecraft:cow":1},"minecraft:dropped":{"minecraft:wooden_axe":1,"minecraft:wooden_shovel":1,"minecraft:wooden_sword":1,"minecraft:wooden_pickaxe":1},"minecraft:custom":{"minecraft:time_since_rest":17451,"minecraft:sprint_one_cm":128220,"minecraft:interact_with_furnace":19,"minecraft:damage_taken":301,"minecraft:walk_one_cm":99649,"minecraft:mob_kills":12,"minecraft:drop":4,"minecraft:damage_dealt":1362,"minecraft:player_kills":2,"minecraft:interact_with_crafting_table":6,"minecraft:fly_one_cm":52088,"minecraft:crouch_one_cm":5823,"minecraft:play_time":17451,"minecraft:sneak_time":2629,"minecraft:jump":164,"minecraft:time_since_death":17451,"minecraft:total_world_time":17451,"minecraft:fall_one_cm":2891},"minecraft:crafted":{"minecraft:cooked_beef":3,"minecraft:wooden_sword":1,"minecraft:wooden_shovel":1,"minecraft:stone_shovel":1,"minecraft:cooked_porkchop":4,"minecraft:crafting_table":2,"minecraft:stick":8,"minecraft:cooked_chicken":2,"minecraft:wooden_pickaxe":1,"minecraft:stone_pickaxe":1,"minecraft:wooden_axe":1,"minecraft:stone_sword":1,"minecraft:furnace":2,"minecraft:birch_planks":36,"minecraft:stone_axe":1,"minecraft:cooked_mutton":3,"minecraft:air":0},"minecraft:picked_up":{"minecraft:birch_log":21,"minecraft:feather":2,"minecraft:stick":26,"minecraft:azure_bluet":1,"minecraft:chicken":3,"minecraft:porkchop":6,"minecraft:oak_log":64,"minecraft:dirt":78,"minecraft:rotten_flesh":1,"minecraft:apple":3,"minecraft:beef":3,"minecraft:rose_bush":1,"minecraft:gray_wool":1,"minecraft:oak_sapling":23,"minecraft:mutton":5,"minecraft:birch_sapling":10,"minecraft:white_wool":2,"minecraft:egg":1,"minecraft:cobblestone":84,"minecraft:oxeye_daisy":1},"minecraft:used":{"minecraft:wooden_axe":40,"minecraft:stone_sword":7,"minecraft:stone_pickaxe":66,"minecraft:stone_shovel":42,"minecraft:wooden_pickaxe":30,"minecraft:wooden_shovel":24,"minecraft:rotten_flesh":1,"minecraft:stone_axe":59,"minecraft:wooden_sword":19,"minecraft:crafting_table":2,"minecraft:furnace":2,"minecraft:cooked_porkchop":4,"minecraft:cooked_beef":1},"minecraft:mined":{"minecraft:birch_log":21,"minecraft:azure_bluet":1,"minecraft:grass":4,"minecraft:grass_block":10,"minecraft:oak_log":67,"minecraft:rose_bush":1,"minecraft:dirt":56,"minecraft:stone":96,"minecraft:oxeye_daisy":1,"minecraft:oak_leaves":2}},"DataVersion":3465}