{"stats":{"minecraft:broken":{"minecraft:stone_pickaxe":3,"minecraft:iron_pickaxe":3,"minecraft:stone_shovel":1},"minecraft:killed":{"minecraft:pig":3,"irons_spellbooks:summoned_zombie":1,"minecraft:sheep":4,"minecraft:zombie":1,"minecraft:chicken":3,"minecraft:cow":1},"minecraft:dropped":{"minecraft:gravel":54,"minecraft:raw_copper":10,"minecraft:birch_sapling":10,"minecraft:feather":2,"minecraft:cobblestone":459,"minecraft:granite":57,"minecraft:azure_bluet":1,"minecraft:oxeye_daisy":2,"minecraft:dirt":81,"minecraft:gray_wool":1,"minecraft:diorite":34,"minecraft:andesite":199,"minecraft:wooden_axe":1,"minecraft:rose_bush":1,"minecraft:oak_sapling":23,"minecraft:wooden_shovel":1,"minecraft:wooden_sword":1,"minecraft:stone_pickaxe":4,"minecraft:wooden_pickaxe":1,"minecraft:egg":1},"minecraft:custom":{"minecraft:interact_with_furnace":30,"minecraft:mob_kills":13,"minecraft:interact_with_crafting_table":19,"minecraft:time_since_death":77451,"minecraft:time_since_rest":77451,"minecraft:sprint_one_cm":198854,"minecraft:damage_taken":445,"minecraft:walk_one_cm":240620,"minecraft:damage_blocked_by_shield":15,"minecraft:drop":46,"minecraft:damage_dealt":1783,"minecraft:fly_one_cm":55297,"minecraft:player_kills":2,"minecraft:crouch_one_cm":111812,"minecraft:play_time":77451,"minecraft:sneak_time":27036,"minecraft:jump":228,"minecraft:walk_on_water_one_cm":2695,"minecraft:total_world_time":77451,"minecraft:fall_one_cm":3193},"minecraft:crafted":{"minecraft:cooked_beef":3,"minecraft:wooden_sword":1,"minecraft:oak_planks":256,"minecraft:wooden_shovel":1,"minecraft:stone_shovel":1,"minecraft:cooked_porkchop":4,"minecraft:crafting_table":8,"minecraft:wooden_pickaxe":1,"minecraft:cooked_chicken":2,"minecraft:furnace":11,"minecraft:birch_planks":60,"minecraft:stone_axe":1,"minecraft:cooked_mutton":3,"minecraft:air":0,"minecraft:iron_chestplate":1,"minecraft:shield":1,"minecraft:stick":32,"minecraft:iron_pickaxe":5,"minecraft:iron_ingot":28,"minecraft:stone_pickaxe":6,"minecraft:wooden_axe":1,"minecraft:stone_sword":1,"minecraft:iron_shovel":1,"minecraft:torch":84},"minecraft:picked_up":{"minecraft:birch_log":21,"minecraft:crafting_table":1,"minecraft:azure_bluet":1,"minecraft:feather":2,"minecraft:chicken":3,"minecraft:andesite":152,"minecraft:flint":4,"minecraft:oak_log":64,"minecraft:dirt":118,"minecraft:raw_copper":10,"minecraft:apple":3,"minecraft:beef":3,"minecraft:stone_pickaxe":2,"minecraft:rose_bush":1,"minecraft:birch_sapling":10,"minecraft:egg":1,"minecraft:stick":26,"minecraft:raw_iron":31,"minecraft:torch":3,"minecraft:gravel":54,"minecraft:porkchop":6,"minecraft:diorite":48,"minecraft:rotten_flesh":1,"minecraft:granite":79,"minecraft:gray_wool":1,"minecraft:oak_sapling":23,"minecraft:mutton":5,"minecraft:coal":54,"minecraft:white_wool":2,"minecraft:cobblestone":1047,"minecraft:oxeye_daisy":2},"minecraft:used":{"minecraft:stone_sword":18,"minecraft:iron_shovel":14,"minecraft:stone_shovel":131,"minecraft:stone_pickaxe":625,"minecraft:shield":1,"minecraft:wooden_pickaxe":30,"minecraft:wooden_shovel":24,"minecraft:cooked_chicken":2,"minecraft:rotten_flesh":1,"minecraft:torch":76,"minecraft:dirt":37,"minecraft:crafting_table":9,"minecraft:wooden_axe":40,"minecraft:apple":2,"minecraft:iron_pickaxe":1125,"minecraft:stone_axe":60,"minecraft:wooden_sword":19,"minecraft:cobblestone":32,"minecraft:furnace":5,"minecraft:cooked_porkchop":4,"minecraft:cooked_beef":1},"minecraft:mined":{"minecraft:crafting_table":1,"minecraft:granite":139,"minecraft:grass_block":10,"minecraft:rose_bush":1,"minecraft:cobblestone":2,"minecraft:copper_ore":4,"minecraft:diorite":72,"minecraft:oxeye_daisy":1,"minecraft:wall_torch":3,"minecraft:birch_log":21,"minecraft:iron_ore":31,"minecraft:andesite":148,"minecraft:azure_bluet":1,"minecraft:grass":4,"minecraft:oak_log":67,"minecraft:coal_ore":54,"minecraft:dirt":98,"minecraft:gravel":69,"minecraft:stone":1323,"minecraft:oak_leaves":2}},"DataVersion":3465}