{"stats":{"minecraft:broken":{"minecraft:stone_pickaxe":2},"minecraft:killed":{"minecraft:pig":3,"minecraft:sheep":4,"minecraft:zombie":1,"minecraft:chicken":3,"minecraft:cow":1},"minecraft:dropped":{"minecraft:birch_sapling":10,"minecraft:granite":2,"minecraft:azure_bluet":1,"minecraft:oxeye_daisy":2,"minecraft:dirt":14,"minecraft:gray_wool":1,"minecraft:andesite":20,"minecraft:wooden_axe":1,"minecraft:rose_bush":1,"minecraft:wooden_shovel":1,"minecraft:wooden_sword":1,"minecraft:stone_pickaxe":2,"minecraft:wooden_pickaxe":1},"minecraft:custom":{"minecraft:interact_with_furnace":19,"minecraft:mob_kills":12,"minecraft:interact_with_crafting_table":8,"minecraft:time_since_death":29451,"minecraft:time_since_rest":29451,"minecraft:sprint_one_cm":128355,"minecraft:damage_taken":301,"minecraft:walk_one_cm":121310,"minecraft:drop":16,"minecraft:damage_dealt":1362,"minecraft:fly_one_cm":52511,"minecraft:player_kills":2,"minecraft:crouch_one_cm":20624,"minecraft:play_time":29451,"minecraft:sneak_time":7095,"minecraft:jump":165,"minecraft:walk_on_water_one_cm":2695,"minecraft:total_world_time":29451,"minecraft:fall_one_cm":2891},"minecraft:crafted":{"minecraft:cooked_beef":3,"minecraft:wooden_sword":1,"minecraft:wooden_shovel":1,"minecraft:stone_shovel":1,"minecraft:cooked_porkchop":4,"minecraft:crafting_table":4,"minecraft:wooden_pickaxe":1,"minecraft:cooked_chicken":2,"minecraft:furnace":2,"minecraft:birch_planks":60,"minecraft:stone_axe":1,"minecraft:cooked_mutton":3,"minecraft:air":0,"minecraft:stick":8,"minecraft:stone_pickaxe":4,"minecraft:wooden_axe":1,"minecraft:stone_sword":1,"minecraft:torch":28},"minecraft:picked_up":{"minecraft:birch_log":21,"minecraft:azure_bluet":1,"minecraft:feather":2,"minecraft:chicken":3,"minecraft:andesite":29,"minecraft:flint":3,"minecraft:oak_log":64,"minecraft:dirt":82,"minecraft:raw_copper":6,"minecraft:apple":3,"minecraft:beef":3,"minecraft:stone_pickaxe":1,"minecraft:rose_bush":1,"minecraft:birch_sapling":10,"minecraft:egg":1,"minecraft:stick":26,"minecraft:torch":1,"minecraft:gravel":37,"minecraft:porkchop":6,"minecraft:diorite":8,"minecraft:rotten_flesh":1,"minecraft:granite":2,"minecraft:gray_wool":1,"minecraft:oak_sapling":23,"minecraft:mutton":5,"minecraft:coal":13,"minecraft:white_wool":2,"minecraft:cobblestone":266,"minecraft:oxeye_daisy":2},"minecraft:used":{"minecraft:stone_sword":7,"minecraft:stone_shovel":85,"minecraft:stone_pickaxe":393,"minecraft:wooden_pickaxe":30,"minecraft:wooden_shovel":24,"minecraft:rotten_flesh":1,"minecraft:torch":12,"minecraft:dirt":24,"minecraft:crafting_table":4,"minecraft:wooden_axe":40,"minecraft:stone_axe":59,"minecraft:wooden_sword":19,"minecraft:furnace":2,"minecraft:cooked_porkchop":4,"minecraft:cooked_beef":1},"minecraft:mined":{"minecraft:granite":3,"minecraft:grass_block":10,"minecraft:rose_bush":1,"minecraft:copper_ore":2,"minecraft:diorite":15,"minecraft:oxeye_daisy":1,"minecraft:wall_torch":1,"minecraft:birch_log":21,"minecraft:andesite":22,"minecraft:azure_bluet":1,"minecraft:grass":4,"minecraft:oak_log":67,"minecraft:coal_ore":13,"minecraft:dirt":64,"minecraft:gravel":40,"minecraft:stone":362,"minecraft:oak_leaves":2}},"DataVersion":3465}