{"stats":{"minecraft:broken":{"minecraft:stone_pickaxe":6,"minecraft:iron_pickaxe":4,"minecraft:stone_shovel":1},"minecraft:killed":{"minecraft:pig":3,"irons_spellbooks:summoned_zombie":1,"minecraft:sheep":4,"minecraft:zombie":2,"minecraft:chicken":3,"minecraft:cow":1},"minecraft:dropped":{"minecraft:gravel":54,"minecraft:raw_copper":10,"minecraft:birch_sapling":10,"minecraft:feather":2,"minecraft:cobblestone":982,"minecraft:granite":132,"minecraft:azure_bluet":1,"minecraft:oxeye_daisy":2,"minecraft:dirt":81,"minecraft:gray_wool":1,"minecraft:diorite":64,"minecraft:andesite":199,"minecraft:wooden_axe":1,"minecraft:rose_bush":1,"minecraft:oak_sapling":23,"minecraft:wooden_shovel":1,"minecraft:wooden_sword":1,"minecraft:stone_pickaxe":5,"minecraft:wooden_pickaxe":1,"minecraft:iron_pickaxe":1,"minecraft:egg":1},"minecraft:custom":{"minecraft:interact_with_furnace":75,"minecraft:mob_kills":14,"minecraft:interact_with_crafting_table":30,"minecraft:time_since_death":113451,"minecraft:time_since_rest":113451,"minecraft:sprint_one_cm":321086,"minecraft:damage_taken":485,"minecraft:walk_one_cm":341977,"minecraft:damage_blocked_by_shield":15,"minecraft:drop":62,"minecraft:damage_dealt":1983,"minecraft:fly_one_cm":72715,"minecraft:player_kills":2,"minecraft:open_chest":2,"minecraft:crouch_one_cm":171087,"minecraft:play_time":113451,"minecraft:sneak_time":39373,"minecraft:jump":375,"minecraft:walk_on_water_one_cm":3219,"minecraft:total_world_time":113451,"minecraft:fall_one_cm":7267},"minecraft:crafted":{"minecraft:cooked_beef":3,"minecraft:wooden_sword":1,"minecraft:oak_planks":256,"minecraft:wooden_shovel":1,"minecraft:stone_shovel":1,"minecraft:cooked_porkchop":4,"minecraft:crafting_table":11,"minecraft:iron_helmet":1,"minecraft:wooden_pickaxe":1,"minecraft:cooked_chicken":2,"minecraft:iron_sword":1,"minecraft:furnace":11,"minecraft:birch_planks":60,"minecraft:stone_axe":1,"minecraft:cooked_mutton":3,"minecraft:air":0,"minecraft:white_wool":1,"minecraft:iron_boots":1,"minecraft:iron_chestplate":1,"minecraft:shield":1,"minecraft:iron_axe":1,"minecraft:stick":68,"minecraft:iron_pickaxe":6,"minecraft:iron_ingot":66,"minecraft:stone_pickaxe":10,"minecraft:wooden_axe":1,"minecraft:chest":1,"minecraft:stone_sword":1,"minecraft:iron_leggings":1,"minecraft:iron_shovel":1,"minecraft:white_bed":1,"minecraft:torch":172},"minecraft:picked_up":{"minecraft:birch_log":21,"minecraft:crafting_table":2,"minecraft:azure_bluet":1,"minecraft:feather":2,"minecraft:chicken":3,"minecraft:andesite":176,"minecraft:flint":4,"minecraft:oak_log":64,"minecraft:lapis_lazuli":14,"minecraft:string":25,"minecraft:dirt":148,"minecraft:raw_copper":10,"minecraft:apple":3,"minecraft:beef":3,"minecraft:stone_pickaxe":2,"minecraft:rose_bush":1,"minecraft:birch_sapling":10,"minecraft:furnace":6,"minecraft:egg":1,"minecraft:stick":26,"minecraft:raw_iron":99,"minecraft:torch":6,"minecraft:gravel":63,"minecraft:porkchop":6,"minecraft:diorite":70,"minecraft:rotten_flesh":3,"minecraft:granite":132,"minecraft:gray_wool":1,"minecraft:oak_sapling":23,"minecraft:rail":1,"minecraft:mutton":5,"minecraft:coal":195,"minecraft:white_wool":2,"minecraft:cobblestone":1390,"minecraft:oxeye_daisy":2},"minecraft:used":{"minecraft:cooked_mutton":3,"minecraft:stone_sword":18,"minecraft:iron_shovel":56,"minecraft:stone_shovel":131,"minecraft:stone_pickaxe":1129,"minecraft:chest":1,"minecraft:shield":1,"minecraft:wooden_pickaxe":30,"minecraft:iron_sword":29,"minecraft:wooden_shovel":24,"minecraft:cooked_chicken":2,"minecraft:rotten_flesh":1,"minecraft:torch":143,"minecraft:dirt":37,"minecraft:crafting_table":13,"minecraft:white_bed":1,"minecraft:wooden_axe":40,"minecraft:apple":3,"minecraft:iron_pickaxe":1365,"minecraft:stone_axe":61,"minecraft:wooden_sword":19,"minecraft:cobblestone":48,"minecraft:furnace":15,"minecraft:cooked_porkchop":4,"minecraft:cooked_beef":1},"minecraft:mined":{"minecraft:crafting_table":2,"minecraft:granite":209,"minecraft:grass_block":10,"minecraft:rose_bush":1,"minecraft:cobblestone":4,"minecraft:copper_ore":6,"minecraft:lapis_ore":3,"minecraft:diorite":107,"minecraft:oxeye_daisy":1,"minecraft:wall_torch":5,"minecraft:spawner":2,"minecraft:furnace":6,"minecraft:birch_log":21,"minecraft:iron_ore":99,"minecraft:andesite":189,"minecraft:azure_bluet":1,"minecraft:grass":4,"minecraft:oak_log":67,"minecraft:coal_ore":171,"minecraft:rail":1,"minecraft:dirt":130,"minecraft:gravel":80,"minecraft:cobweb":25,"minecraft:stone":1717,"minecraft:oak_leaves":2}},"DataVersion":3465}