{"stats":{"minecraft:used":{"minecraft:stone_sword":18,"minecraft:iron_shovel":149,"minecraft:stone_shovel":131,"minecraft:chest":1,"minecraft:shield":17,"minecraft:iron_sword":410,"minecraft:wooden_shovel":24,"minecraft:cooked_chicken":2,"minecraft:rotten_flesh":15,"minecraft:torch":338,"minecraft:dirt":69,"minecraft:wooden_axe":40,"minecraft:iron_axe":12,"minecraft:bow":5,"minecraft:furnace":22,"ars_nouveau:sourceberry_bush":5,"minecraft:cooked_beef":2,"minecraft:cooked_mutton":3,"epicfight:skillbook":9,"minecraft:stone_pickaxe":1129,"minecraft:wooden_pickaxe":30,"minecraft:glow_berries":24,"minecraft:crafting_table":20,"minecraft:white_bed":2,"minecraft:apple":4,"minecraft:bread":15,"minecraft:iron_pickaxe":2417,"minecraft:stone_axe":61,"minecraft:wooden_sword":19,"minecraft:cobblestone":193,"travelersbackpack:standard":1,"minecraft:cooked_porkchop":4,"minecraft:bucket":1},"minecraft:dropped":{"minecraft:iron_ingot":30,"minecraft:wheat_seeds":1,"minecraft:cooked_beef":1,"minecraft:feather":2,"minecraft:cobblestone":1346,"minecraft:granite":184,"irons_spellbooks:tarnished_helmet":1,"minecraft:rail":1,"minecraft:oxeye_daisy":2,"minecraft:dirt":111,"minecraft:gray_wool":1,"minecraft:diorite":64,"minecraft:wooden_axe":1,"minecraft:rose_bush":1,"minecraft:brown_wool":1,"minecraft:wooden_sword":1,"minecraft:iron_pickaxe":1,"minecraft:string":22,"minecraft:white_wool":1,"minecraft:bone":6,"minecraft:gravel":54,"minecraft:cobbled_deepslate":256,"minecraft:raw_copper":10,"minecraft:tuff":6,"minecraft:birch_sapling":10,"minecraft:rotten_flesh":12,"minecraft:azure_bluet":1,"minecraft:andesite":200,"minecraft:wooden_shovel":1,"minecraft:oak_sapling":23,"minecraft:wooden_pickaxe":1,"minecraft:stone_pickaxe":5,"minecraft:egg":1},"minecraft:picked_up":{"minecraft:crafting_table":2,"minecraft:azure_bluet":1,"minecraft:chicken":3,"irons_spellbooks:tarnished_helmet":2,"minecraft:oak_stairs":1,"minecraft:string":77,"minecraft:raw_copper":10,"minecraft:cobbled_deepslate":236,"minecraft:beef":3,"minecraft:rose_bush":1,"minecraft:birch_sapling":10,"minecraft:furnace":6,"minecraft:egg":1,"minecraft:stick":28,"minecraft:raw_iron":193,"minecraft:torch":9,"epicfight:skillbook":3,"minecraft:porkchop":6,"minecraft:diorite":71,"minecraft:waxed_cut_copper_stairs":1,"minecraft:arrow":17,"minecraft:rotten_flesh":40,"minecraft:hay_block":10,"minecraft:mutton":8,"minecraft:rail":4,"minecraft:white_wool":4,"minecraft:cobblestone":1835,"minecraft:oxeye_daisy":2,"minecraft:birch_log":21,"minecraft:feather":2,"minecraft:andesite":227,"minecraft:brown_wool":1,"minecraft:leather":3,"minecraft:flint":4,"minecraft:tuff":9,"minecraft:oak_log":65,"minecraft:gunpowder":5,"minecraft:lapis_lazuli":160,"minecraft:dirt":186,"spartanweaponry:iron_rapier":1,"minecraft:bone":9,"minecraft:apple":4,"minecraft:wheat_seeds":1,"minecraft:raw_gold":5,"minecraft:stone_pickaxe":2,"minecraft:iron_sword":1,"minecraft:oak_planks":3,"minecraft:smooth_basalt":2,"minecraft:gravel":105,"minecraft:white_bed":1,"minecraft:spider_eye":2,"minecraft:diamond":1,"minecraft:granite":184,"minecraft:gray_wool":1,"alexsmobs:maggot":2,"minecraft:oak_sapling":23,"minecraft:coal":286,"minecraft:ender_pearl":2},"minecraft:custom":{"minecraft:mob_kills":80,"minecraft:interact_with_crafting_table":38,"minecraft:time_since_death":226568,"minecraft:sprint_one_cm":910165,"minecraft:walk_one_cm":965128,"minecraft:damage_blocked_by_shield":1290,"minecraft:drop":95,"minecraft:play_time":226568,"minecraft:sneak_time":68119,"minecraft:walk_under_water_one_cm":1530,"minecraft:boat_one_cm":51946,"minecraft:jump":1495,"minecraft:walk_on_water_one_cm":20606,"minecraft:total_world_time":226568,"minecraft:interact_with_furnace":100,"spartanshields:shield_bash_hits":5,"minecraft:sleep_in_bed":1,"minecraft:time_since_rest":15263,"minecraft:damage_taken":861,"minecraft:damage_absorbed":2228,"minecraft:damage_dealt":15867,"minecraft:player_kills":2,"minecraft:swim_one_cm":823,"minecraft:fly_one_cm":240362,"minecraft:open_chest":2,"minecraft:crouch_one_cm":317339,"minecraft:fall_one_cm":21165},"minecraft:mined":{"minecraft:tuff":19,"minecraft:white_bed":1,"minecraft:deepslate_diamond_ore":1,"minecraft:red_nether_bricks":3,"minecraft:granite":270,"minecraft:grass_block":13,"minecraft:oxeye_daisy":1,"minecraft:spawner":7,"minecraft:hay_block":10,"minecraft:furnace":6,"minecraft:iron_ore":183,"minecraft:andesite":241,"minecraft:stripped_dark_oak_wood":1,"minecraft:azure_bluet":2,"minecraft:polished_deepslate":1,"minecraft:cave_vines":1,"minecraft:deepslate_iron_ore":10,"minecraft:rail":2,"minecraft:smooth_quartz_stairs":5,"minecraft:stripped_mangrove_wood":9,"minecraft:stone":2206,"minecraft:waxed_cut_copper":1,"minecraft:waxed_cut_copper_stairs":1,"minecraft:mangrove_stairs":1,"minecraft:crafting_table":2,"minecraft:calcite":13,"minecraft:rose_bush":1,"minecraft:copper_ore":6,"minecraft:cobblestone":12,"minecraft:lapis_ore":23,"minecraft:deepslate_gold_ore":5,"minecraft:oak_planks":2,"minecraft:diorite":110,"minecraft:wall_torch":6,"minecraft:amethyst_block":6,"minecraft:birch_log":21,"minecraft:grass":9,"minecraft:oak_log":67,"minecraft:coal_ore":264,"minecraft:gravel":126,"minecraft:dirt":175,"minecraft:cobweb":83,"minecraft:smooth_basalt":2,"minecraft:oak_leaves":3,"minecraft:deepslate":168},"minecraft:broken":{"minecraft:stone_pickaxe":6,"minecraft:iron_sword":1,"minecraft:iron_pickaxe":8,"minecraft:stone_shovel":1},"minecraft:crafted":{"minecraft:wooden_sword":1,"minecraft:oak_planks":256,"minecraft:stone_shovel":1,"minecraft:cooked_chicken":2,"minecraft:furnace":19,"minecraft:cooked_mutton":5,"minecraft:bow":1,"minecraft:iron_boots":1,"minecraft:iron_axe":1,"minecraft:stone_pickaxe":10,"minecraft:chest":1,"minecraft:wheat":90,"minecraft:cooked_beef":3,"minecraft:wooden_shovel":1,"minecraft:cooked_porkchop":4,"minecraft:crafting_table":18,"minecraft:wooden_pickaxe":1,"minecraft:iron_helmet":1,"minecraft:iron_sword":2,"minecraft:bucket":1,"minecraft:birch_planks":60,"minecraft:stone_axe":1,"minecraft:bread":30,"minecraft:air":0,"minecraft:white_wool":1,"minecraft:iron_chestplate":1,"minecraft:shield":1,"minecraft:stick":108,"minecraft:iron_ingot":177,"minecraft:iron_pickaxe":10,"minecraft:wooden_axe":1,"minecraft:stone_sword":1,"minecraft:iron_shovel":1,"minecraft:iron_leggings":1,"minecraft:white_bed":1,"minecraft:torch":292},"minecraft:killed":{"minecraft:cave_spider":4,"irons_spellbooks:summoned_zombie":3,"minecraft:spider":3,"minecraft:skeleton":10,"minecraft:chicken":3,"minecraft:drowned":1,"irons_spellbooks:summoned_skeleton":1,"minecraft:husk":7,"minecraft:pig":3,"minecraft:zombie_villager":1,"irons_spellbooks:necromancer":1,"minecraft:creeper":2,"minecraft:sheep":6,"minecraft:zombie":25,"alexsmobs:fly":1,"minecraft:cow":1,"minecraft:enderman":3}},"DataVersion":3465}