{"stats":{"minecraft:broken":{"minecraft:stone_pickaxe":2,"minecraft:iron_pickaxe":2,"minecraft:stone_shovel":1},"minecraft:killed":{"minecraft:pig":3,"irons_spellbooks:summoned_zombie":1,"minecraft:sheep":4,"minecraft:zombie":1,"minecraft:chicken":3,"minecraft:cow":1},"minecraft:dropped":{"minecraft:gravel":54,"minecraft:raw_copper":6,"minecraft:birch_sapling":10,"minecraft:feather":2,"minecraft:cobblestone":195,"minecraft:granite":57,"minecraft:azure_bluet":1,"minecraft:oxeye_daisy":2,"minecraft:dirt":81,"minecraft:gray_wool":1,"minecraft:diorite":34,"minecraft:andesite":177,"minecraft:wooden_axe":1,"minecraft:rose_bush":1,"minecraft:oak_sapling":23,"minecraft:wooden_shovel":1,"minecraft:wooden_sword":1,"minecraft:stone_pickaxe":4,"minecraft:wooden_pickaxe":1,"minecraft:egg":1},"minecraft:custom":{"minecraft:interact_with_furnace":28,"minecraft:mob_kills":13,"minecraft:interact_with_crafting_table":17,"minecraft:time_since_death":65451,"minecraft:time_since_rest":65451,"minecraft:sprint_one_cm":187168,"minecraft:damage_taken":445,"minecraft:walk_one_cm":209789,"minecraft:damage_blocked_by_shield":15,"minecraft:drop":39,"minecraft:damage_dealt":1783,"minecraft:fly_one_cm":53826,"minecraft:player_kills":2,"minecraft:crouch_one_cm":94822,"minecraft:play_time":65451,"minecraft:sneak_time":23764,"minecraft:jump":223,"minecraft:walk_on_water_one_cm":2695,"minecraft:total_world_time":65451,"minecraft:fall_one_cm":3193},"minecraft:crafted":{"minecraft:cooked_beef":3,"minecraft:wooden_sword":1,"minecraft:oak_planks":256,"minecraft:wooden_shovel":1,"minecraft:stone_shovel":1,"minecraft:cooked_porkchop":4,"minecraft:crafting_table":8,"minecraft:wooden_pickaxe":1,"minecraft:cooked_chicken":2,"minecraft:furnace":11,"minecraft:birch_planks":60,"minecraft:stone_axe":1,"minecraft:cooked_mutton":3,"minecraft:air":0,"minecraft:iron_chestplate":1,"minecraft:shield":1,"minecraft:stick":32,"minecraft:iron_pickaxe":3,"minecraft:iron_ingot":20,"minecraft:stone_pickaxe":6,"minecraft:wooden_axe":1,"minecraft:stone_sword":1,"minecraft:iron_shovel":1,"minecraft:torch":72},"minecraft:picked_up":{"minecraft:birch_log":21,"minecraft:azure_bluet":1,"minecraft:feather":2,"minecraft:chicken":3,"minecraft:andesite":152,"minecraft:flint":4,"minecraft:oak_log":64,"minecraft:dirt":118,"minecraft:raw_copper":10,"minecraft:apple":3,"minecraft:beef":3,"minecraft:stone_pickaxe":2,"minecraft:rose_bush":1,"minecraft:birch_sapling":10,"minecraft:egg":1,"minecraft:stick":26,"minecraft:raw_iron":28,"minecraft:torch":3,"minecraft:gravel":54,"minecraft:porkchop":6,"minecraft:diorite":34,"minecraft:rotten_flesh":1,"minecraft:granite":57,"minecraft:gray_wool":1,"minecraft:oak_sapling":23,"minecraft:mutton":5,"minecraft:coal":54,"minecraft:white_wool":2,"minecraft:cobblestone":823,"minecraft:oxeye_daisy":2},"minecraft:used":{"minecraft:stone_sword":18,"minecraft:iron_shovel":7,"minecraft:stone_shovel":131,"minecraft:stone_pickaxe":565,"minecraft:shield":1,"minecraft:wooden_pickaxe":30,"minecraft:wooden_shovel":24,"minecraft:cooked_chicken":2,"minecraft:rotten_flesh":1,"minecraft:torch":63,"minecraft:dirt":37,"minecraft:crafting_table":8,"minecraft:wooden_axe":40,"minecraft:apple":2,"minecraft:iron_pickaxe":738,"minecraft:stone_axe":59,"minecraft:wooden_sword":19,"minecraft:cobblestone":22,"minecraft:furnace":5,"minecraft:cooked_porkchop":4,"minecraft:cooked_beef":1},"minecraft:mined":{"minecraft:granite":72,"minecraft:grass_block":10,"minecraft:rose_bush":1,"minecraft:cobblestone":2,"minecraft:copper_ore":4,"minecraft:diorite":50,"minecraft:oxeye_daisy":1,"minecraft:wall_torch":3,"minecraft:birch_log":21,"minecraft:iron_ore":28,"minecraft:andesite":141,"minecraft:azure_bluet":1,"minecraft:grass":4,"minecraft:oak_log":67,"minecraft:coal_ore":54,"minecraft:dirt":98,"minecraft:gravel":62,"minecraft:stone":975,"minecraft:oak_leaves":2}},"DataVersion":3465}