{"stats":{"minecraft:used":{"minecraft:iron_shovel":149,"minecraft:stone_sword":18,"minecraft:stone_shovel":131,"minecraft:chest":1,"minecraft:shield":28,"minecraft:iron_sword":724,"minecraft:wooden_shovel":24,"minecraft:cooked_chicken":2,"minecraft:rotten_flesh":15,"minecraft:torch":450,"minecraft:dirt":71,"minecraft:wooden_axe":40,"minecraft:coal_ore":2,"minecraft:iron_axe":150,"minecraft:bow":52,"minecraft:furnace":22,"ars_nouveau:sourceberry_bush":5,"minecraft:cooked_beef":2,"minecraft:cooked_mutton":3,"minecraft:water_bucket":4,"epicfight:skillbook":11,"minecraft:stone_pickaxe":1129,"minecraft:oak_planks":96,"minecraft:wooden_pickaxe":30,"minecraft:glow_berries":24,"minecraft:crafting_table":25,"minecraft:white_bed":7,"minecraft:apple":5,"minecraft:bread":63,"minecraft:iron_pickaxe":2484,"minecraft:stone_axe":61,"travelersbackpack:standard":3,"minecraft:cobblestone":193,"minecraft:wooden_sword":19,"minecraft:cooked_porkchop":4,"minecraft:andesite":14,"minecraft:bucket":5},"minecraft:dropped":{"minecraft:iron_ingot":30,"minecraft:bread":24,"minecraft:iron_sword":1,"minecraft:porkchop":2,"minecraft:wheat_seeds":1,"minecraft:cooked_beef":1,"minecraft:feather":2,"minecraft:cobblestone":1350,"minecraft:granite":184,"iceandfire:ectoplasm":7,"irons_spellbooks:tarnished_helmet":1,"minecraft:rail":4,"minecraft:stick":15,"minecraft:oxeye_daisy":2,"minecraft:cobweb":2,"minecraft:dirt":123,"minecraft:gray_wool":1,"minecraft:diorite":64,"minecraft:wooden_axe":1,"minecraft:rose_bush":1,"minecraft:brown_wool":1,"minecraft:wooden_sword":1,"minecraft:iron_pickaxe":1,"minecraft:string":24,"minecraft:birch_log":5,"minecraft:white_wool":1,"epicfight:stray_pants":1,"minecraft:bone":12,"minecraft:gravel":54,"minecraft:furnace":3,"minecraft:cobbled_deepslate":256,"minecraft:raw_copper":10,"minecraft:tuff":6,"minecraft:birch_sapling":10,"minecraft:rotten_flesh":23,"minecraft:oak_planks":92,"minecraft:iron_boots":1,"minecraft:azure_bluet":1,"minecraft:tipped_arrow":1,"minecraft:shield":1,"minecraft:coal_ore":2,"minecraft:andesite":203,"minecraft:wooden_shovel":1,"minecraft:oak_sapling":33,"minecraft:spider_eye":2,"minecraft:iron_bars":6,"minecraft:bow":2,"minecraft:raw_gold":5,"minecraft:stone_pickaxe":5,"minecraft:wooden_pickaxe":1,"spartanweaponry:iron_rapier":1,"minecraft:egg":1},"minecraft:picked_up":{"minecraft:crafting_table":4,"minecraft:wheat":7,"minecraft:azure_bluet":1,"minecraft:chicken":3,"irons_spellbooks:tarnished_helmet":2,"minecraft:oak_stairs":1,"epicfight:stray_pants":1,"minecraft:string":80,"minecraft:raw_copper":10,"irons_spellbooks:arcane_essence":1,"minecraft:cobbled_deepslate":236,"bosses_of_mass_destruction:soul_star":1,"minecraft:beef":3,"minecraft:rose_bush":1,"minecraft:coal_block":3,"minecraft:birch_sapling":10,"minecraft:furnace":6,"minecraft:egg":1,"minecraft:tipped_arrow":1,"minecraft:stick":34,"minecraft:raw_iron":193,"minecraft:torch":9,"epicfight:skillbook":3,"minecraft:porkchop":26,"minecraft:diorite":71,"minecraft:waxed_cut_copper_stairs":1,"minecraft:arrow":31,"minecraft:rotten_flesh":52,"minecraft:hay_block":40,"minecraft:stripped_dark_oak_wood":2,"minecraft:mutton":8,"minecraft:iron_bars":7,"minecraft:rail":4,"minecraft:white_wool":4,"minecraft:cobblestone":1839,"minecraft:oxeye_daisy":2,"minecraft:birch_log":26,"minecraft:feather":2,"minecraft:andesite":235,"minecraft:brown_wool":1,"minecraft:leather":3,"minecraft:flint":4,"minecraft:tuff":9,"create:raw_zinc":12,"minecraft:oak_log":99,"iceandfire:ectoplasm":2,"minecraft:gunpowder":6,"minecraft:lapis_lazuli":160,"minecraft:dirt":198,"spartanweaponry:iron_rapier":1,"minecraft:bone":24,"minecraft:apple":5,"minecraft:bow":2,"minecraft:wheat_seeds":1,"minecraft:raw_gold":5,"minecraft:stone_pickaxe":2,"minecraft:iron_sword":2,"minecraft:oak_planks":106,"minecraft:book":18,"minecraft:smooth_basalt":2,"minecraft:gravel":105,"minecraft:white_bed":7,"minecraft:spider_eye":6,"minecraft:coal_ore":4,"minecraft:diamond":1,"waystones:waystone":1,"minecraft:granite":184,"minecraft:gray_wool":1,"alexsmobs:maggot":2,"minecraft:oak_sapling":33,"minecraft:coal":289,"iceandfire:raw_silver":9,"minecraft:ender_pearl":2},"minecraft:custom":{"minecraft:mob_kills":169,"minecraft:interact_with_crafting_table":45,"minecraft:leave_game":4,"minecraft:time_since_death":321222,"minecraft:climb_one_cm":3617,"minecraft:sprint_one_cm":1848646,"minecraft:walk_one_cm":1423090,"minecraft:damage_blocked_by_shield":2235,"minecraft:drop":133,"minecraft:talked_to_villager":1,"minecraft:play_time":321222,"minecraft:sneak_time":74344,"minecraft:walk_under_water_one_cm":3434,"minecraft:boat_one_cm":51946,"minecraft:jump":3528,"minecraft:walk_on_water_one_cm":28043,"minecraft:total_world_time":321222,"minecraft:interact_with_furnace":100,"spartanshields:shield_bash_hits":5,"minecraft:sleep_in_bed":7,"minecraft:time_since_rest":18659,"minecraft:waystone_activated":1,"minecraft:damage_taken":1460,"minecraft:damage_absorbed":5645,"minecraft:trigger_trapped_chest":4,"minecraft:damage_dealt":32253,"minecraft:player_kills":2,"minecraft:swim_one_cm":10761,"minecraft:fly_one_cm":1035353,"minecraft:open_chest":65,"minecraft:crouch_one_cm":343185,"minecraft:fall_one_cm":91934},"minecraft:mined":{"create:zinc_ore":12,"minecraft:tuff":19,"minecraft:white_bed":6,"iceandfire:silver_ore":9,"minecraft:deepslate_diamond_ore":1,"minecraft:red_nether_bricks":3,"minecraft:granite":270,"biomesoplenty:bush":4,"minecraft:grass_block":13,"minecraft:oak_pressure_plate":1,"minecraft:coal_block":3,"minecraft:oxeye_daisy":1,"minecraft:spawner":14,"minecraft:hay_block":41,"minecraft:black_stained_glass_pane":1,"minecraft:furnace":6,"minecraft:iron_ore":183,"minecraft:fire":2,"minecraft:andesite":249,"minecraft:stripped_dark_oak_wood":2,"minecraft:azure_bluet":2,"minecraft:polished_deepslate":1,"minecraft:bookshelf":6,"minecraft:vine":1,"minecraft:cave_vines":1,"minecraft:deepslate_iron_ore":10,"minecraft:rail":2,"minecraft:iron_bars":7,"minecraft:smooth_quartz_stairs":5,"minecraft:stripped_mangrove_wood":9,"minecraft:stone":2217,"minecraft:waxed_cut_copper_stairs":1,"minecraft:waxed_cut_copper":1,"minecraft:mangrove_stairs":1,"minecraft:crafting_table":4,"minecraft:torch":1,"minecraft:calcite":13,"minecraft:rose_bush":1,"minecraft:copper_ore":6,"minecraft:tall_grass":4,"minecraft:cobblestone":16,"minecraft:deepslate_gold_ore":5,"minecraft:lapis_ore":23,"minecraft:oak_planks":13,"minecraft:wall_torch":6,"minecraft:diorite":110,"minecraft:amethyst_block":6,"minecraft:birch_log":26,"minecraft:grass":26,"minecraft:oak_log":101,"minecraft:coal_ore":268,"minecraft:cyan_carpet":1,"minecraft:gravel":126,"minecraft:dirt":175,"minecraft:cobweb":83,"minecraft:smooth_basalt":2,"minecraft:oak_leaves":3,"minecraft:deepslate":168},"minecraft:broken":{"minecraft:stone_pickaxe":6,"minecraft:iron_sword":2,"minecraft:iron_pickaxe":8,"minecraft:stone_shovel":1},"minecraft:crafted":{"minecraft:wooden_sword":1,"minecraft:oak_planks":392,"minecraft:stone_shovel":1,"minecraft:coal":27,"minecraft:cooked_chicken":2,"minecraft:furnace":19,"minecraft:cooked_mutton":5,"minecraft:bow":1,"minecraft:iron_boots":2,"minecraft:iron_axe":1,"minecraft:stone_pickaxe":10,"minecraft:chest":1,"minecraft:wheat":353,"minecraft:cooked_beef":3,"minecraft:wooden_shovel":1,"minecraft:cooked_porkchop":4,"minecraft:crafting_table":21,"minecraft:wooden_pickaxe":1,"minecraft:iron_helmet":1,"minecraft:iron_sword":2,"minecraft:bucket":1,"minecraft:birch_planks":60,"minecraft:stone_axe":1,"minecraft:bread":120,"minecraft:air":0,"minecraft:iron_chestplate":1,"minecraft:white_wool":1,"minecraft:shield":1,"minecraft:stick":144,"minecraft:iron_ingot":177,"minecraft:iron_pickaxe":11,"minecraft:wooden_axe":1,"minecraft:stone_sword":1,"minecraft:iron_shovel":1,"minecraft:iron_leggings":1,"minecraft:white_bed":1,"minecraft:torch":392},"minecraft:killed":{"minecraft:cave_spider":5,"irons_spellbooks:summoned_zombie":13,"minecraft:spider":11,"alexsmobs:seagull":1,"minecraft:skeleton":29,"minecraft:chicken":3,"minecraft:drowned":1,"irons_spellbooks:summoned_skeleton":4,"minecraft:husk":7,"minecraft:pig":10,"minecraft:zombie_villager":1,"irons_spellbooks:necromancer":3,"minecraft:creeper":5,"minecraft:sheep":7,"minecraft:zombie":44,"iceandfire:ghost":6,"minecraft:stray":5,"alexsmobs:fly":1,"minecraft:wither_skeleton":3,"minecraft:enderman":3,"minecraft:cow":1}},"DataVersion":3465}