{"stats":{"minecraft:broken":{"minecraft:stone_pickaxe":6,"minecraft:iron_pickaxe":6,"minecraft:stone_shovel":1},"minecraft:killed":{"irons_spellbooks:summoned_zombie":1,"minecraft:skeleton":2,"minecraft:chicken":3,"minecraft:drowned":1,"minecraft:pig":3,"minecraft:sheep":4,"minecraft:zombie":10,"minecraft:cow":1,"minecraft:enderman":1},"minecraft:dropped":{"minecraft:feather":2,"minecraft:cobblestone":982,"minecraft:granite":132,"minecraft:rail":1,"minecraft:oxeye_daisy":2,"minecraft:dirt":111,"minecraft:gray_wool":1,"minecraft:diorite":64,"minecraft:wooden_axe":1,"minecraft:rose_bush":1,"minecraft:wooden_sword":1,"minecraft:iron_pickaxe":1,"minecraft:string":21,"minecraft:gravel":54,"minecraft:cobbled_deepslate":256,"minecraft:raw_copper":10,"minecraft:tuff":6,"minecraft:birch_sapling":10,"minecraft:rotten_flesh":5,"minecraft:azure_bluet":1,"minecraft:andesite":199,"minecraft:wooden_shovel":1,"minecraft:oak_sapling":23,"minecraft:wooden_pickaxe":1,"minecraft:stone_pickaxe":5,"minecraft:egg":1},"minecraft:custom":{"minecraft:mob_kills":26,"minecraft:interact_with_crafting_table":33,"minecraft:time_since_death":149451,"minecraft:sprint_one_cm":435376,"minecraft:walk_one_cm":453029,"minecraft:damage_blocked_by_shield":330,"minecraft:drop":71,"minecraft:play_time":149451,"minecraft:sneak_time":53662,"minecraft:walk_under_water_one_cm":381,"minecraft:jump":756,"minecraft:walk_on_water_one_cm":11215,"minecraft:total_world_time":149451,"minecraft:interact_with_furnace":83,"minecraft:time_since_rest":149451,"minecraft:damage_taken":575,"minecraft:damage_absorbed":272,"minecraft:damage_dealt":4743,"minecraft:swim_one_cm":823,"minecraft:player_kills":2,"minecraft:fly_one_cm":92214,"minecraft:open_chest":2,"minecraft:crouch_one_cm":236492,"minecraft:fall_one_cm":9555},"minecraft:crafted":{"minecraft:wooden_sword":1,"minecraft:oak_planks":256,"minecraft:stone_shovel":1,"minecraft:cooked_chicken":2,"minecraft:furnace":11,"minecraft:cooked_mutton":3,"minecraft:iron_boots":1,"minecraft:iron_axe":1,"minecraft:stone_pickaxe":10,"minecraft:chest":1,"minecraft:cooked_beef":3,"minecraft:wooden_shovel":1,"minecraft:cooked_porkchop":4,"minecraft:crafting_table":14,"minecraft:wooden_pickaxe":1,"minecraft:iron_helmet":1,"minecraft:iron_sword":1,"minecraft:bucket":1,"minecraft:birch_planks":60,"minecraft:stone_axe":1,"minecraft:air":0,"minecraft:white_wool":1,"minecraft:iron_chestplate":1,"minecraft:shield":1,"minecraft:stick":92,"minecraft:iron_ingot":103,"minecraft:iron_pickaxe":8,"minecraft:wooden_axe":1,"minecraft:stone_sword":1,"minecraft:iron_shovel":1,"minecraft:iron_leggings":1,"minecraft:white_bed":1,"minecraft:torch":252},"minecraft:picked_up":{"minecraft:crafting_table":2,"minecraft:azure_bluet":1,"minecraft:chicken":3,"minecraft:string":26,"minecraft:raw_copper":10,"minecraft:cobbled_deepslate":236,"minecraft:beef":3,"minecraft:rose_bush":1,"minecraft:birch_sapling":10,"minecraft:egg":1,"minecraft:furnace":6,"minecraft:raw_iron":118,"minecraft:stick":26,"minecraft:torch":7,"epicfight:skillbook":2,"minecraft:porkchop":6,"minecraft:diorite":71,"minecraft:arrow":4,"minecraft:rotten_flesh":19,"minecraft:mutton":5,"minecraft:white_wool":2,"minecraft:rail":1,"minecraft:cobblestone":1470,"minecraft:oxeye_daisy":2,"minecraft:birch_log":21,"minecraft:feather":2,"minecraft:andesite":210,"minecraft:flint":4,"minecraft:tuff":9,"minecraft:oak_log":64,"minecraft:gunpowder":1,"minecraft:lapis_lazuli":14,"minecraft:dirt":148,"minecraft:bone":4,"minecraft:apple":3,"minecraft:raw_gold":5,"minecraft:stone_pickaxe":2,"minecraft:oak_planks":2,"minecraft:smooth_basalt":2,"minecraft:gravel":105,"minecraft:diamond":1,"minecraft:granite":132,"minecraft:gray_wool":1,"minecraft:oak_sapling":23,"minecraft:coal":224,"minecraft:ender_pearl":1},"minecraft:used":{"minecraft:stone_sword":18,"minecraft:iron_shovel":127,"minecraft:stone_shovel":131,"minecraft:chest":1,"minecraft:shield":6,"minecraft:iron_sword":94,"minecraft:wooden_shovel":24,"minecraft:rotten_flesh":12,"minecraft:cooked_chicken":2,"minecraft:torch":230,"minecraft:dirt":37,"minecraft:wooden_axe":40,"minecraft:iron_axe":2,"minecraft:furnace":17,"minecraft:cooked_beef":2,"minecraft:cooked_mutton":3,"epicfight:skillbook":9,"minecraft:stone_pickaxe":1129,"minecraft:wooden_pickaxe":30,"minecraft:crafting_table":16,"minecraft:white_bed":1,"minecraft:apple":3,"minecraft:iron_pickaxe":1778,"minecraft:stone_axe":61,"minecraft:wooden_sword":19,"minecraft:cobblestone":97,"minecraft:cooked_porkchop":4,"minecraft:bucket":1},"minecraft:mined":{"minecraft:tuff":19,"minecraft:deepslate_diamond_ore":1,"minecraft:granite":244,"minecraft:grass_block":10,"minecraft:oxeye_daisy":1,"minecraft:spawner":2,"minecraft:furnace":6,"minecraft:iron_ore":108,"minecraft:andesite":223,"minecraft:azure_bluet":1,"minecraft:deepslate_iron_ore":10,"minecraft:rail":1,"minecraft:stone":1801,"minecraft:crafting_table":2,"minecraft:calcite":7,"minecraft:rose_bush":1,"minecraft:copper_ore":6,"minecraft:cobblestone":5,"minecraft:lapis_ore":3,"minecraft:deepslate_gold_ore":5,"minecraft:oak_planks":2,"minecraft:diorite":109,"minecraft:wall_torch":5,"minecraft:amethyst_block":6,"minecraft:birch_log":21,"minecraft:grass":4,"minecraft:coal_ore":201,"minecraft:oak_log":67,"minecraft:gravel":126,"minecraft:dirt":155,"minecraft:cobweb":34,"minecraft:smooth_basalt":2,"minecraft:oak_leaves":2,"minecraft:deepslate":168}},"DataVersion":3465}