{"stats":{"minecraft:custom":{"minecraft:jump":164,"minecraft:time_since_rest":14409,"minecraft:damage_dealt":30,"minecraft:damage_taken":10,"minecraft:leave_game":6,"minecraft:play_time":14409,"minecraft:crouch_one_cm":332,"minecraft:sprint_one_cm":17215,"minecraft:time_since_death":14409,"minecraft:walk_one_cm":33594,"minecraft:sneak_time":102,"minecraft:total_world_time":14409,"minecraft:fall_one_cm":5163,"minecraft:fly_one_cm":36342},"minecraft:mined":{"minecraft:grass_block":1,"minecraft:oak_log":6,"minecraft:oak_leaves":3},"minecraft:used":{"minecraft:oak_log":6,"minecraft:dirt":1},"minecraft:picked_up":{"minecraft:oak_log":6,"minecraft:dirt":1}},"DataVersion":3465}