{"stats":{"minecraft:used":{"minecraft:spruce_log":5},"minecraft:picked_up":{"minecraft:spruce_log":5},"minecraft:custom":{"minecraft:jump":35,"minecraft:time_since_rest":12139,"minecraft:crouch_one_cm":2691,"minecraft:leave_game":7,"minecraft:play_time":12139,"minecraft:sprint_one_cm":251,"minecraft:time_since_death":12139,"minecraft:walk_one_cm":23391,"minecraft:sneak_time":581,"minecraft:total_world_time":12139,"minecraft:fall_one_cm":1012,"minecraft:fly_one_cm":134},"minecraft:mined":{"minecraft:spruce_log":5}},"DataVersion":3465}