{"stats":{"minecraft:picked_up":{"minecraft:oak_log":6,"minecraft:dirt":1},"minecraft:custom":{"minecraft:jump":99,"minecraft:time_since_rest":4593,"minecraft:damage_dealt":30,"minecraft:sprint_one_cm":10869,"minecraft:leave_game":2,"minecraft:play_time":4593,"minecraft:time_since_death":4593,"minecraft:walk_one_cm":10566,"minecraft:total_world_time":4593,"minecraft:fall_one_cm":1941,"minecraft:fly_one_cm":28976},"minecraft:used":{"minecraft:oak_log":6,"minecraft:dirt":1},"minecraft:mined":{"minecraft:grass_block":1,"minecraft:oak_log":6}},"DataVersion":3465}