{"stats":{"minecraft:killed":{"minecraft:skeleton":2,"minecraft:zombie":2,"minecraft:cow":3},"minecraft:dropped":{"minecraft:wooden_axe":1,"minecraft:wooden_shovel":1,"minecraft:wooden_pickaxe":2},"minecraft:custom":{"minecraft:interact_with_furnace":16,"minecraft:mob_kills":8,"minecraft:interact_with_crafting_table":18,"minecraft:leave_game":12,"minecraft:time_since_death":627,"minecraft:time_since_rest":650,"minecraft:sprint_one_cm":72688,"minecraft:damage_taken":2296,"minecraft:walk_one_cm":372271,"minecraft:damage_blocked_by_shield":720,"minecraft:drop":4,"minecraft:damage_dealt":1357,"minecraft:swim_one_cm":13125,"minecraft:fly_one_cm":115152,"minecraft:crouch_one_cm":11893,"minecraft:play_time":56594,"minecraft:deaths":5,"minecraft:sneak_time":1989,"minecraft:walk_under_water_one_cm":858,"minecraft:boat_one_cm":33570,"minecraft:jump":621,"minecraft:walk_on_water_one_cm":5765,"minecraft:total_world_time":56594,"minecraft:fall_one_cm":17405},"minecraft:crafted":{"minecraft:cooked_beef":3,"minecraft:wooden_sword":1,"minecraft:oak_planks":32,"minecraft:wooden_shovel":1,"minecraft:crafting_table":1,"minecraft:wooden_pickaxe":1,"minecraft:furnace":2,"minecraft:stone_axe":1,"minecraft:air":0,"minecraft:oak_boat":1,"minecraft:shield":1,"minecraft:stick":8,"minecraft:iron_ingot":1,"minecraft:stone_pickaxe":1,"minecraft:wooden_axe":1,"minecraft:torch":36},"minecraft:picked_up":{"minecraft:birch_log":42,"minecraft:charcoal":1,"minecraft:crafting_table":1,"minecraft:leather":3,"minecraft:wooden_pickaxe":2,"minecraft:oak_log":60,"minecraft:dirt":10,"minecraft:bone":2,"minecraft:apple":4,"minecraft:beef":5,"minecraft:rose_bush":2,"minecraft:wooden_shovel":1,"minecraft:birch_sapling":14,"minecraft:raw_iron":10,"minecraft:stick":12,"minecraft:torch":2,"minecraft:diorite":1,"minecraft:arrow":3,"minecraft:oak_sapling":34,"minecraft:coal":30,"iceandfire:raw_silver":6,"minecraft:cobblestone":93},"minecraft:used":{"minecraft:rose_bush":1,"minecraft:stone_pickaxe":109,"minecraft:shield":8,"minecraft:wooden_pickaxe":25,"minecraft:wooden_shovel":17,"minecraft:torch":16,"minecraft:dirt":9,"minecraft:crafting_table":2,"minecraft:oak_log":7,"minecraft:wooden_axe":54,"minecraft:apple":4,"minecraft:birch_sapling":14,"minecraft:stone_axe":57,"minecraft:wooden_sword":30,"minecraft:cobblestone":2,"minecraft:furnace":2,"alexsmobs:animal_dictionary":2,"minecraft:oak_boat":1,"minecraft:cooked_beef":2},"minecraft:mined":{"iceandfire:silver_ore":6,"minecraft:crafting_table":1,"minecraft:torch":1,"minecraft:grass_block":6,"minecraft:rose_bush":1,"minecraft:tall_grass":1,"minecraft:diorite":1,"minecraft:birch_log":42,"minecraft:iron_ore":10,"minecraft:grass":2,"minecraft:oak_log":62,"minecraft:coal_ore":30,"minecraft:dirt":12,"minecraft:stone":85,"minecraft:oak_leaves":24},"minecraft:killed_by":{"minecraft:player":1}},"DataVersion":3465}