{"stats":{"minecraft:used":{"minecraft:stone_sword":271,"minecraft:rose_bush":1,"minecraft:granite_stairs":36,"minecraft:stone_shovel":69,"minecraft:dried_kelp":21,"create:veridium":1,"minecraft:shield":35,"minecraft:wooden_shovel":22,"minecraft:rotten_flesh":2,"spartanweaponry:copper_boomerang":37,"minecraft:torch":87,"minecraft:dirt":71,"minecraft:granite":11,"minecraft:wooden_axe":54,"biomesoplenty:tall_lavender":2,"alexsmobs:cooked_lobster_tail":7,"minecraft:birch_sapling":40,"minecraft:furnace":25,"minecraft:cooked_cod":4,"minecraft:cooked_beef":11,"minecraft:cooked_mutton":7,"epicfight:skillbook":9,"minecraft:diorite":42,"minecraft:birch_planks":5,"minecraft:stone_pickaxe":988,"minecraft:wooden_pickaxe":91,"biomesoplenty:lavender":17,"minecraft:cracked_stone_bricks":1,"minecraft:sand":3,"spartanweaponry:wooden_longbow":1,"minecraft:crafting_table":17,"minecraft:crossbow":1,"minecraft:white_bed":6,"minecraft:dripstone_block":1,"minecraft:oak_log":7,"minecraft:apple":12,"minecraft:spruce_sapling":4,"minecraft:gravel":3,"minecraft:stone_axe":539,"minecraft:wooden_sword":55,"minecraft:cobblestone":61,"minecraft:white_banner":2,"minecraft:cooked_porkchop":13,"iceandfire:chared_grass":1,"minecraft:andesite":6,"minecraft:oak_boat":1,"alexsmobs:animal_dictionary":2,"minecraft:bone_meal":1},"minecraft:dropped":{"iceandfire:raw_silver":9,"minecraft:wheat_seeds":5,"minecraft:cooked_beef":2,"minecraft:oak_log":261,"minecraft:cooked_porkchop":1,"biomesoplenty:lavender":3,"minecraft:crossbow":2,"minecraft:feather":5,"minecraft:cobblestone":16,"minecraft:apple":1,"minecraft:granite":51,"minecraft:coal":2,"minecraft:stick":33,"minecraft:flint":1,"spartanweaponry:wooden_boomerang":1,"minecraft:dirt":52,"minecraft:diorite":17,"minecraft:wooden_axe":1,"minecraft:wooden_sword":1,"minecraft:gold_nugget":5,"minecraft:white_banner":1,"minecraft:birch_log":113,"minecraft:bone":1,"minecraft:stone_axe":2,"minecraft:kelp":26,"minecraft:sugar_cane":2,"minecraft:raw_copper":4,"minecraft:birch_sapling":28,"minecraft:rotten_flesh":6,"minecraft:light_gray_wool":1,"minecraft:charcoal":1,"minecraft:oak_sapling":56,"minecraft:wooden_shovel":2,"minecraft:spider_eye":3,"minecraft:arrow":2,"minecraft:stone_pickaxe":3,"minecraft:wooden_pickaxe":3},"minecraft:picked_up":{"iceandfire:dragon_skull_lightning":1,"minecraft:charcoal":1,"minecraft:crafting_table":16,"minecraft:allium":1,"minecraft:chicken":1,"minecraft:wooden_pickaxe":2,"minecraft:string":8,"minecraft:raw_copper":49,"biomesoplenty:tall_lavender":2,"minecraft:cracked_stone_bricks":1,"minecraft:gold_nugget":314,"minecraft:beef":16,"minecraft:rose_bush":2,"minecraft:wooden_shovel":1,"minecraft:light_gray_wool":1,"biomesoplenty:wildflower":1,"minecraft:sugar_cane":18,"minecraft:birch_sapling":68,"minecraft:furnace":23,"minecraft:stick":104,"minecraft:raw_iron":47,"iceandfire:dragonbone":16,"minecraft:torch":10,"iceandfire:chared_grass":1,"epicfight:skillbook":3,"minecraft:porkchop":30,"minecraft:diorite":61,"minecraft:arrow":5,"minecraft:rotten_flesh":8,"create:veridium":1,"minecraft:mutton":17,"minecraft:cod":4,"alexsmobs:lobster_tail":11,"alexsmobs:flying_fish":2,"minecraft:white_wool":12,"minecraft:cobblestone":784,"biomesoplenty:lavender":20,"minecraft:birch_log":170,"minecraft:feather":5,"minecraft:cooked_beef":4,"minecraft:andesite":6,"minecraft:leather":8,"minecraft:birch_planks":5,"minecraft:granite_stairs":4,"minecraft:flint":1,"create:raw_zinc":39,"minecraft:oak_log":473,"minecraft:gunpowder":8,"minecraft:lapis_lazuli":111,"minecraft:dirt":155,"minecraft:white_banner":3,"minecraft:bone":8,"minecraft:apple":13,"minecraft:kelp":74,"minecraft:wheat_seeds":5,"minecraft:raw_gold":5,"minecraft:iron_ingot":7,"minecraft:iron_sword":1,"minecraft:oak_planks":5,"minecraft:dripstone_block":1,"minecraft:gravel":3,"minecraft:sand":15,"minecraft:spruce_sapling":4,"minecraft:white_bed":5,"minecraft:spruce_log":13,"spartanweaponry:wooden_longbow":1,"minecraft:spider_eye":3,"minecraft:stone_axe":2,"minecraft:crossbow":2,"minecraft:granite":110,"minecraft:bone_meal":1,"minecraft:oak_sapling":184,"minecraft:coal":313,"iceandfire:raw_silver":21,"minecraft:sunflower":1},"minecraft:killed_by":{"minecraft:player":1,"minecraft:skeleton":1,"iceandfire:ghost":1,"iceandfire:fire_dragon":1},"minecraft:custom":{"minecraft:mob_kills":123,"minecraft:interact_with_crafting_table":101,"minecraft:open_barrel":3,"minecraft:leave_game":18,"minecraft:time_since_death":4430,"minecraft:climb_one_cm":13246,"minecraft:sprint_one_cm":610304,"minecraft:walk_one_cm":2538391,"minecraft:damage_blocked_by_shield":2325,"minecraft:drop":73,"minecraft:play_time":411540,"minecraft:sneak_time":19315,"minecraft:deaths":16,"minecraft:walk_under_water_one_cm":72608,"minecraft:boat_one_cm":33570,"minecraft:jump":4790,"minecraft:walk_on_water_one_cm":129577,"minecraft:total_world_time":411540,"minecraft:interact_with_furnace":221,"minecraft:sleep_in_bed":6,"minecraft:time_since_rest":4447,"minecraft:damage_taken":7939,"minecraft:trigger_trapped_chest":2,"minecraft:damage_dealt":13741,"minecraft:swim_one_cm":158002,"minecraft:fly_one_cm":1563351,"minecraft:open_chest":45,"minecraft:crouch_one_cm":65686,"minecraft:fall_one_cm":122480},"minecraft:mined":{"minecraft:white_bed":5,"iceandfire:graveyard_soil":9,"iceandfire:silver_ore":19,"minecraft:cobblestone_stairs":1,"minecraft:granite":111,"minecraft:grass_block":44,"minecraft:kelp":2,"minecraft:chiseled_stone_bricks":1,"iceandfire:chared_grass":1,"minecraft:tall_seagrass":1,"biomesoplenty:tall_lavender":4,"minecraft:furnace":23,"minecraft:iron_ore":32,"biomesoplenty:lavender":16,"minecraft:andesite":6,"iceandfire:gold_pile":33,"minecraft:vine":2,"biomesoplenty:barley":2,"minecraft:stone":646,"minecraft:white_banner":2,"minecraft:granite_stairs":4,"create:veridium":1,"minecraft:white_wool":1,"minecraft:kelp_plant":11,"biomesoplenty:wildflower":1,"minecraft:crafting_table":17,"minecraft:torch":2,"minecraft:rose_bush":1,"minecraft:copper_ore":9,"minecraft:tall_grass":1,"minecraft:cobblestone":8,"minecraft:lapis_ore":8,"minecraft:sugar_cane":9,"minecraft:diorite":26,"minecraft:wall_torch":6,"minecraft:birch_sapling":5,"minecraft:seagrass":5,"minecraft:birch_planks":1,"ars_nouveau:archwood_planks":4,"minecraft:birch_log":157,"minecraft:spruce_log":11,"minecraft:grass":31,"minecraft:oak_log":311,"minecraft:coal_ore":151,"minecraft:dirt":107,"minecraft:sand":15,"minecraft:sunflower":1,"minecraft:dripstone_block":1,"minecraft:oak_leaves":27,"minecraft:fern":1},"minecraft:broken":{"minecraft:stone_sword":1,"minecraft:wooden_pickaxe":1,"minecraft:stone_pickaxe":3,"minecraft:stone_axe":2,"spartanweaponry:wooden_longbow":1},"minecraft:crafted":{"minecraft:wooden_sword":1,"minecraft:yellow_wool":2,"minecraft:oak_planks":84,"minecraft:stone_shovel":2,"travelersbackpack:yellow_sleeping_bag":1,"minecraft:furnace":10,"iceandfire:armor_copper_metal_leggings":1,"minecraft:cooked_mutton":16,"iceandfire:armor_copper_metal_helmet":1,"minecraft:glass":12,"iceandfire:armor_silver_metal_chestplate":1,"ars_nouveau:novice_spell_book":1,"spartanweaponry:wooden_boomerang":1,"minecraft:iron_axe":1,"minecraft:stone_pickaxe":8,"minecraft:chest":1,"minecraft:dried_kelp_block":1,"alexsmobs:flying_fish_boots":1,"minecraft:granite_stairs":32,"minecraft:cooked_beef":16,"minecraft:cooked_cod":4,"minecraft:wooden_shovel":1,"iceandfire:silver_ingot":12,"minecraft:cooked_porkchop":18,"alexsmobs:cooked_lobster_tail":11,"minecraft:crafting_table":3,"minecraft:spruce_planks":52,"iceandfire:dragon_meal":1,"useless_sword:pillager_dagger":1,"travelersbackpack:backpack_tank":2,"minecraft:dried_kelp":48,"minecraft:wooden_pickaxe":2,"travelersbackpack:standard":1,"minecraft:iron_sword":1,"minecraft:copper_ingot":15,"minecraft:birch_planks":52,"minecraft:stone_axe":5,"minecraft:air":0,"minecraft:oak_boat":1,"spartanweaponry:copper_boomerang":1,"minecraft:yellow_dye":2,"minecraft:book":1,"minecraft:paper":3,"minecraft:charcoal":26,"minecraft:shield":1,"minecraft:stick":32,"minecraft:iron_ingot":34,"minecraft:iron_pickaxe":1,"minecraft:wooden_axe":1,"minecraft:stone_sword":2,"minecraft:iron_shovel":1,"minecraft:gold_ingot":40,"minecraft:white_bed":3,"minecraft:torch":112},"minecraft:killed":{"alexsmobs:lobster":29,"minecraft:spider":7,"minecraft:cod":4,"minecraft:skeleton":7,"minecraft:chicken":2,"alexsmobs:flying_fish":2,"minecraft:pig":18,"minecraft:creeper":6,"minecraft:sheep":12,"minecraft:pillager":5,"minecraft:zombie":16,"iceandfire:ghost":3,"alexsmobs:fly":1,"alexsmobs:crow":1,"minecraft:cow":8}},"DataVersion":3465}