{"stats":{"minecraft:mined":{"minecraft:spruce_log":5},"minecraft:custom":{"minecraft:jump":35,"minecraft:time_since_rest":9016,"minecraft:crouch_one_cm":1751,"minecraft:leave_game":5,"minecraft:play_time":9016,"minecraft:sprint_one_cm":251,"minecraft:time_since_death":9016,"minecraft:walk_one_cm":19939,"minecraft:sneak_time":426,"minecraft:total_world_time":9016,"minecraft:fall_one_cm":1012,"minecraft:fly_one_cm":134},"minecraft:picked_up":{"minecraft:spruce_log":5},"minecraft:used":{"minecraft:spruce_log":5}},"DataVersion":3465}