{"stats":{"minecraft:used":{"minecraft:oak_log":7,"minecraft:dirt":1,"alexsmobs:animal_dictionary":2},"minecraft:picked_up":{"minecraft:bone":1,"minecraft:oak_log":7,"minecraft:dirt":1},"minecraft:mined":{"minecraft:grass_block":1,"minecraft:oak_log":7,"minecraft:oak_leaves":16},"minecraft:custom":{"minecraft:time_since_rest":7131,"minecraft:deaths":2,"minecraft:crouch_one_cm":2824,"minecraft:sprint_one_cm":24199,"minecraft:play_time":26333,"minecraft:damage_taken":885,"minecraft:walk_one_cm":76128,"minecraft:sneak_time":644,"minecraft:mob_kills":1,"minecraft:jump":268,"minecraft:damage_dealt":140,"minecraft:leave_game":9,"minecraft:time_since_death":7105,"minecraft:total_world_time":26333,"minecraft:fall_one_cm":9536,"minecraft:fly_one_cm":43601}},"DataVersion":3465}