{"stats":{"minecraft:custom":{"minecraft:time_since_rest":2048,"minecraft:deaths":3,"minecraft:crouch_one_cm":4578,"minecraft:sprint_one_cm":32357,"minecraft:play_time":29766,"minecraft:damage_taken":1135,"minecraft:walk_one_cm":86914,"minecraft:sneak_time":838,"minecraft:mob_kills":1,"minecraft:jump":302,"minecraft:damage_dealt":140,"minecraft:leave_game":11,"minecraft:time_since_death":2026,"minecraft:total_world_time":29766,"minecraft:fall_one_cm":11224,"minecraft:fly_one_cm":51684},"minecraft:picked_up":{"minecraft:bone":1,"minecraft:oak_log":7,"minecraft:dirt":1},"minecraft:used":{"minecraft:oak_log":7,"minecraft:dirt":1,"alexsmobs:animal_dictionary":2},"minecraft:mined":{"minecraft:grass_block":1,"minecraft:oak_log":7,"minecraft:oak_leaves":17}},"DataVersion":3465}