{"stats":{"minecraft:mined":{"minecraft:grass_block":1,"minecraft:oak_log":6,"minecraft:oak_leaves":3},"minecraft:picked_up":{"minecraft:oak_log":6,"minecraft:dirt":1},"minecraft:used":{"minecraft:oak_log":6,"minecraft:dirt":1},"minecraft:custom":{"minecraft:jump":143,"minecraft:damage_taken":10,"minecraft:time_since_rest":7981,"minecraft:crouch_one_cm":271,"minecraft:damage_dealt":30,"minecraft:leave_game":4,"minecraft:play_time":7981,"minecraft:sprint_one_cm":15965,"minecraft:time_since_death":7981,"minecraft:walk_one_cm":29159,"minecraft:sneak_time":29,"minecraft:total_world_time":7981,"minecraft:fall_one_cm":3971,"minecraft:fly_one_cm":34686}},"DataVersion":3465}