{"stats":{"minecraft:mined":{"minecraft:spruce_log":5,"minecraft:oak_leaves":6},"minecraft:used":{"minecraft:spruce_log":5},"minecraft:dropped":{"minecraft:oak_sapling":1},"minecraft:custom":{"minecraft:jump":37,"minecraft:time_since_rest":12569,"minecraft:crouch_one_cm":2691,"minecraft:leave_game":8,"minecraft:play_time":12569,"minecraft:sprint_one_cm":251,"minecraft:time_since_death":12569,"minecraft:walk_one_cm":24811,"minecraft:sneak_time":581,"minecraft:total_world_time":12569,"minecraft:drop":1,"minecraft:fall_one_cm":1012,"minecraft:fly_one_cm":134},"minecraft:picked_up":{"minecraft:spruce_log":5,"minecraft:oak_sapling":1}},"DataVersion":3465}