{"stats":{"minecraft:killed":{"minecraft:skeleton":1,"minecraft:zombie":1,"minecraft:cow":1},"minecraft:crafted":{"minecraft:wooden_sword":1,"minecraft:oak_planks":32,"minecraft:wooden_shovel":1,"minecraft:crafting_table":1,"minecraft:stick":4,"minecraft:wooden_pickaxe":1},"minecraft:custom":{"minecraft:time_since_rest":3129,"minecraft:deaths":4,"minecraft:crouch_one_cm":4578,"minecraft:sprint_one_cm":43493,"minecraft:play_time":34134,"minecraft:damage_taken":1710,"minecraft:walk_one_cm":133253,"minecraft:sneak_time":838,"minecraft:mob_kills":4,"minecraft:jump":320,"minecraft:damage_dealt":535,"minecraft:leave_game":11,"minecraft:time_since_death":3089,"minecraft:total_world_time":34134,"minecraft:interact_with_crafting_table":3,"minecraft:fall_one_cm":11851,"minecraft:fly_one_cm":60855},"minecraft:picked_up":{"minecraft:arrow":2,"minecraft:stick":1,"minecraft:bone":1,"minecraft:leather":2,"minecraft:beef":3,"minecraft:rose_bush":2,"minecraft:oak_log":15,"minecraft:dirt":7,"minecraft:cobblestone":6},"minecraft:used":{"minecraft:oak_log":7,"minecraft:wooden_sword":6,"minecraft:dirt":1,"alexsmobs:animal_dictionary":2,"minecraft:wooden_pickaxe":7,"minecraft:wooden_shovel":9},"minecraft:mined":{"minecraft:grass_block":3,"minecraft:oak_log":15,"minecraft:rose_bush":1,"minecraft:dirt":7,"minecraft:stone":7,"minecraft:oak_leaves":21},"minecraft:killed_by":{"minecraft:player":1}},"DataVersion":3465}