{"stats":{"minecraft:killed":{"minecraft:skeleton":3,"minecraft:zombie":3,"minecraft:cow":3},"minecraft:dropped":{"minecraft:cooked_beef":1,"minecraft:wooden_axe":1,"minecraft:wooden_shovel":1,"minecraft:wooden_pickaxe":2},"minecraft:custom":{"minecraft:interact_with_furnace":21,"minecraft:mob_kills":10,"minecraft:interact_with_crafting_table":21,"minecraft:leave_game":12,"minecraft:time_since_death":12627,"minecraft:climb_one_cm":571,"minecraft:time_since_rest":12650,"minecraft:sprint_one_cm":94871,"minecraft:damage_taken":2581,"minecraft:walk_one_cm":477844,"minecraft:damage_blocked_by_shield":1380,"minecraft:drop":5,"minecraft:damage_dealt":1696,"minecraft:swim_one_cm":70928,"minecraft:fly_one_cm":163727,"minecraft:crouch_one_cm":11926,"minecraft:play_time":68594,"minecraft:deaths":5,"minecraft:sneak_time":2095,"minecraft:walk_under_water_one_cm":2437,"minecraft:boat_one_cm":33570,"minecraft:jump":890,"minecraft:walk_on_water_one_cm":9517,"minecraft:total_world_time":68594,"minecraft:fall_one_cm":23772},"minecraft:crafted":{"minecraft:cooked_beef":5,"minecraft:wooden_sword":1,"minecraft:oak_planks":32,"minecraft:wooden_shovel":1,"minecraft:crafting_table":2,"minecraft:wooden_pickaxe":1,"minecraft:furnace":3,"minecraft:stone_axe":1,"minecraft:air":0,"minecraft:oak_boat":1,"minecraft:shield":1,"minecraft:stick":8,"minecraft:iron_ingot":1,"minecraft:stone_pickaxe":1,"minecraft:wooden_axe":1,"minecraft:torch":36},"minecraft:picked_up":{"minecraft:birch_log":55,"minecraft:charcoal":1,"minecraft:crafting_table":2,"minecraft:leather":3,"minecraft:wooden_pickaxe":2,"minecraft:birch_planks":2,"minecraft:oak_log":87,"minecraft:dirt":10,"minecraft:bone":4,"minecraft:apple":4,"minecraft:iron_ingot":7,"minecraft:beef":5,"minecraft:rose_bush":2,"minecraft:wooden_shovel":1,"minecraft:birch_sapling":14,"minecraft:furnace":3,"minecraft:raw_iron":10,"minecraft:stick":17,"minecraft:torch":2,"minecraft:gravel":2,"minecraft:diorite":1,"minecraft:arrow":3,"minecraft:oak_sapling":42,"minecraft:coal":50,"iceandfire:raw_silver":6,"minecraft:cobblestone":93},"minecraft:used":{"minecraft:diorite":1,"minecraft:rose_bush":1,"minecraft:birch_planks":2,"minecraft:stone_pickaxe":113,"minecraft:shield":20,"minecraft:wooden_pickaxe":25,"minecraft:wooden_shovel":17,"minecraft:torch":16,"minecraft:dirt":9,"minecraft:crafting_table":3,"minecraft:oak_log":7,"minecraft:wooden_axe":54,"minecraft:apple":4,"minecraft:birch_sapling":14,"minecraft:gravel":2,"minecraft:stone_axe":135,"minecraft:wooden_sword":40,"minecraft:cobblestone":6,"minecraft:furnace":3,"alexsmobs:animal_dictionary":2,"minecraft:oak_boat":1,"minecraft:cooked_beef":4},"minecraft:mined":{"iceandfire:silver_ore":6,"minecraft:crafting_table":2,"minecraft:torch":1,"minecraft:grass_block":6,"minecraft:rose_bush":1,"minecraft:tall_grass":1,"minecraft:diorite":1,"minecraft:birch_planks":1,"minecraft:furnace":4,"minecraft:birch_log":55,"minecraft:iron_ore":10,"minecraft:grass":4,"minecraft:oak_log":111,"minecraft:coal_ore":30,"minecraft:dirt":12,"minecraft:stone":85,"minecraft:oak_leaves":24},"minecraft:killed_by":{"minecraft:player":1}},"DataVersion":3465}