{"stats":{"minecraft:broken":{"minecraft:stone_axe":2,"spartanweaponry:wooden_longbow":1},"minecraft:killed":{"minecraft:spider":1,"minecraft:skeleton":4,"minecraft:chicken":2,"minecraft:pig":10,"minecraft:creeper":2,"minecraft:sheep":3,"minecraft:pillager":3,"minecraft:zombie":6,"alexsmobs:fly":1,"alexsmobs:crow":1,"minecraft:cow":7},"minecraft:dropped":{"iceandfire:raw_silver":9,"minecraft:wheat_seeds":4,"minecraft:cooked_beef":1,"minecraft:oak_log":261,"minecraft:cooked_porkchop":1,"biomesoplenty:lavender":3,"minecraft:feather":1,"minecraft:apple":1,"minecraft:wooden_axe":1,"minecraft:wooden_sword":1,"minecraft:white_banner":1,"minecraft:birch_log":113,"minecraft:stone_axe":2,"minecraft:birch_sapling":28,"minecraft:rotten_flesh":1,"minecraft:charcoal":1,"minecraft:oak_sapling":56,"minecraft:wooden_shovel":2,"minecraft:wooden_pickaxe":3,"minecraft:stone_pickaxe":2},"minecraft:custom":{"minecraft:mob_kills":42,"minecraft:interact_with_crafting_table":47,"minecraft:leave_game":13,"minecraft:time_since_death":0,"minecraft:climb_one_cm":571,"minecraft:sprint_one_cm":317392,"minecraft:walk_one_cm":1424115,"minecraft:damage_blocked_by_shield":1845,"minecraft:drop":34,"minecraft:play_time":266337,"minecraft:deaths":7,"minecraft:sneak_time":3908,"minecraft:walk_under_water_one_cm":2756,"minecraft:boat_one_cm":33570,"minecraft:jump":2419,"minecraft:walk_on_water_one_cm":19454,"minecraft:total_world_time":266337,"minecraft:interact_with_furnace":67,"minecraft:sleep_in_bed":2,"minecraft:time_since_rest":31,"minecraft:damage_taken":4167,"minecraft:damage_dealt":5446,"minecraft:swim_one_cm":98377,"minecraft:fly_one_cm":698327,"minecraft:open_chest":36,"minecraft:crouch_one_cm":28432,"minecraft:fall_one_cm":61989},"minecraft:crafted":{"minecraft:wooden_sword":1,"minecraft:oak_planks":84,"minecraft:stone_shovel":1,"minecraft:furnace":4,"minecraft:cooked_mutton":10,"ars_nouveau:novice_spell_book":1,"minecraft:iron_axe":1,"minecraft:stone_pickaxe":3,"minecraft:cooked_beef":5,"minecraft:wooden_shovel":1,"minecraft:cooked_porkchop":16,"minecraft:crafting_table":3,"minecraft:wooden_pickaxe":1,"minecraft:iron_sword":1,"minecraft:stone_axe":4,"minecraft:air":0,"minecraft:oak_boat":1,"minecraft:book":1,"minecraft:paper":3,"minecraft:shield":1,"minecraft:stick":16,"minecraft:iron_pickaxe":1,"minecraft:iron_ingot":1,"minecraft:wooden_axe":1,"minecraft:stone_sword":1,"minecraft:iron_shovel":1,"minecraft:gold_ingot":35,"minecraft:white_bed":1,"minecraft:torch":36},"minecraft:picked_up":{"minecraft:charcoal":1,"minecraft:crafting_table":5,"minecraft:allium":1,"minecraft:chicken":1,"minecraft:wooden_pickaxe":2,"biomesoplenty:tall_lavender":2,"minecraft:gold_nugget":314,"minecraft:beef":14,"minecraft:rose_bush":2,"minecraft:wooden_shovel":1,"minecraft:sugar_cane":4,"minecraft:birch_sapling":42,"minecraft:furnace":4,"minecraft:stick":89,"minecraft:raw_iron":10,"minecraft:torch":3,"epicfight:skillbook":2,"minecraft:porkchop":15,"minecraft:diorite":44,"minecraft:arrow":3,"minecraft:rotten_flesh":3,"minecraft:mutton":5,"minecraft:white_wool":3,"minecraft:cobblestone":345,"minecraft:birch_log":113,"biomesoplenty:lavender":20,"minecraft:feather":3,"minecraft:cooked_beef":3,"minecraft:leather":8,"minecraft:birch_planks":5,"create:raw_zinc":20,"minecraft:oak_log":473,"minecraft:gunpowder":2,"minecraft:dirt":58,"minecraft:white_banner":3,"minecraft:bone":6,"minecraft:apple":13,"minecraft:wheat_seeds":4,"minecraft:iron_ingot":7,"minecraft:oak_planks":1,"minecraft:iron_sword":1,"minecraft:gravel":2,"spartanweaponry:wooden_longbow":1,"minecraft:stone_axe":1,"minecraft:granite":11,"minecraft:oak_sapling":184,"minecraft:coal":143,"iceandfire:raw_silver":9},"minecraft:used":{"minecraft:rose_bush":1,"minecraft:stone_sword":85,"minecraft:stone_shovel":20,"minecraft:shield":27,"minecraft:wooden_shovel":22,"minecraft:rotten_flesh":2,"minecraft:torch":21,"minecraft:dirt":56,"minecraft:granite":11,"minecraft:wooden_axe":54,"biomesoplenty:tall_lavender":2,"minecraft:birch_sapling":14,"minecraft:furnace":8,"minecraft:cooked_beef":7,"minecraft:cooked_mutton":3,"epicfight:skillbook":5,"minecraft:diorite":42,"minecraft:birch_planks":2,"minecraft:stone_pickaxe":314,"minecraft:wooden_pickaxe":32,"biomesoplenty:lavender":17,"spartanweaponry:wooden_longbow":1,"minecraft:crafting_table":7,"minecraft:white_bed":1,"minecraft:oak_log":7,"minecraft:apple":12,"minecraft:gravel":2,"minecraft:stone_axe":447,"minecraft:wooden_sword":55,"minecraft:cobblestone":44,"minecraft:white_banner":2,"minecraft:cooked_porkchop":10,"alexsmobs:animal_dictionary":2,"minecraft:oak_boat":1},"minecraft:mined":{"iceandfire:silver_ore":9,"minecraft:granite":12,"minecraft:grass_block":33,"biomesoplenty:tall_lavender":4,"minecraft:furnace":5,"minecraft:iron_ore":10,"biomesoplenty:lavender":16,"iceandfire:gold_pile":33,"minecraft:white_banner":2,"minecraft:stone":223,"minecraft:crafting_table":5,"minecraft:torch":1,"minecraft:rose_bush":1,"minecraft:tall_grass":1,"minecraft:cobblestone":8,"minecraft:sugar_cane":2,"minecraft:diorite":9,"minecraft:birch_planks":1,"ars_nouveau:archwood_planks":4,"minecraft:birch_log":100,"minecraft:grass":26,"minecraft:oak_log":311,"minecraft:coal_ore":66,"minecraft:dirt":16,"minecraft:oak_leaves":27},"minecraft:killed_by":{"minecraft:player":1,"iceandfire:fire_dragon":1}},"DataVersion":3465}