{"stats":{"minecraft:mined":{"minecraft:spruce_log":5},"minecraft:picked_up":{"minecraft:spruce_log":5},"minecraft:custom":{"minecraft:jump":29,"minecraft:time_since_rest":7868,"minecraft:crouch_one_cm":485,"minecraft:leave_game":4,"minecraft:play_time":7868,"minecraft:sprint_one_cm":251,"minecraft:time_since_death":7868,"minecraft:walk_one_cm":15602,"minecraft:sneak_time":83,"minecraft:total_world_time":7868,"minecraft:fall_one_cm":1012,"minecraft:fly_one_cm":134},"minecraft:used":{"minecraft:spruce_log":5}},"DataVersion":3465}