{"stats":{"minecraft:used":{"minecraft:diorite":4,"epicfight:skillbook":5,"minecraft:rose_bush":1,"minecraft:stone_sword":73,"minecraft:birch_planks":2,"minecraft:stone_pickaxe":269,"minecraft:stone_shovel":20,"minecraft:wooden_pickaxe":25,"minecraft:shield":27,"biomesoplenty:lavender":14,"minecraft:wooden_shovel":22,"minecraft:rotten_flesh":2,"minecraft:torch":21,"minecraft:dirt":9,"spartanweaponry:wooden_longbow":1,"minecraft:crafting_table":7,"minecraft:white_bed":1,"minecraft:oak_log":7,"minecraft:wooden_axe":54,"minecraft:apple":12,"biomesoplenty:tall_lavender":2,"minecraft:birch_sapling":14,"minecraft:stone_axe":447,"minecraft:wooden_sword":55,"minecraft:gravel":2,"minecraft:cobblestone":36,"minecraft:white_banner":1,"minecraft:furnace":8,"minecraft:cooked_porkchop":10,"minecraft:oak_boat":1,"alexsmobs:animal_dictionary":2,"minecraft:cooked_beef":7},"minecraft:dropped":{"iceandfire:raw_silver":9,"minecraft:stone_axe":2,"minecraft:wheat_seeds":4,"minecraft:cooked_beef":1,"minecraft:oak_log":261,"minecraft:cooked_porkchop":1,"minecraft:birch_sapling":28,"biomesoplenty:lavender":3,"minecraft:feather":1,"minecraft:rotten_flesh":1,"minecraft:apple":1,"minecraft:charcoal":1,"minecraft:wooden_axe":1,"minecraft:oak_sapling":56,"minecraft:wooden_shovel":2,"minecraft:wooden_sword":1,"minecraft:stone_pickaxe":2,"minecraft:wooden_pickaxe":3,"minecraft:birch_log":113},"minecraft:picked_up":{"biomesoplenty:lavender":17,"minecraft:birch_log":113,"minecraft:charcoal":1,"minecraft:crafting_table":5,"minecraft:feather":3,"minecraft:cooked_beef":3,"minecraft:chicken":1,"minecraft:leather":3,"minecraft:wooden_pickaxe":2,"minecraft:birch_planks":5,"minecraft:oak_log":473,"minecraft:gunpowder":2,"minecraft:dirt":52,"minecraft:white_banner":1,"biomesoplenty:tall_lavender":2,"minecraft:bone":6,"minecraft:apple":13,"minecraft:wheat_seeds":4,"minecraft:gold_nugget":314,"minecraft:iron_ingot":7,"minecraft:beef":5,"minecraft:rose_bush":2,"minecraft:wooden_shovel":1,"minecraft:sugar_cane":4,"minecraft:iron_sword":1,"minecraft:birch_sapling":42,"minecraft:oak_planks":1,"minecraft:furnace":4,"minecraft:raw_iron":10,"minecraft:stick":89,"minecraft:torch":3,"minecraft:gravel":2,"epicfight:skillbook":2,"minecraft:porkchop":14,"minecraft:diorite":11,"spartanweaponry:wooden_longbow":1,"minecraft:arrow":3,"minecraft:rotten_flesh":3,"minecraft:stone_axe":1,"minecraft:oak_sapling":184,"minecraft:mutton":5,"minecraft:coal":104,"iceandfire:raw_silver":9,"minecraft:white_wool":3,"minecraft:cobblestone":319},"minecraft:killed_by":{"minecraft:player":1},"minecraft:mined":{"iceandfire:silver_ore":9,"minecraft:crafting_table":5,"minecraft:torch":1,"minecraft:grass_block":31,"minecraft:rose_bush":1,"minecraft:tall_grass":1,"minecraft:cobblestone":8,"minecraft:sugar_cane":2,"minecraft:diorite":4,"minecraft:birch_planks":1,"biomesoplenty:tall_lavender":4,"minecraft:furnace":5,"minecraft:iron_ore":10,"ars_nouveau:archwood_planks":4,"minecraft:birch_log":100,"biomesoplenty:lavender":13,"minecraft:grass":23,"minecraft:coal_ore":51,"minecraft:oak_log":311,"iceandfire:gold_pile":33,"minecraft:dirt":13,"minecraft:stone":204,"minecraft:oak_leaves":27},"minecraft:custom":{"minecraft:interact_with_furnace":65,"minecraft:mob_kills":37,"minecraft:interact_with_crafting_table":47,"minecraft:leave_game":12,"minecraft:time_since_death":198238,"minecraft:sleep_in_bed":1,"minecraft:climb_one_cm":571,"minecraft:time_since_rest":127650,"minecraft:sprint_one_cm":251884,"minecraft:damage_taken":3409,"minecraft:walk_one_cm":1322474,"minecraft:damage_blocked_by_shield":1845,"minecraft:drop":33,"minecraft:damage_dealt":4946,"minecraft:swim_one_cm":98377,"minecraft:fly_one_cm":532011,"minecraft:play_time":254205,"minecraft:open_chest":26,"minecraft:crouch_one_cm":24727,"minecraft:sneak_time":3628,"minecraft:deaths":5,"minecraft:walk_under_water_one_cm":2756,"minecraft:boat_one_cm":33570,"minecraft:jump":1957,"minecraft:walk_on_water_one_cm":19454,"minecraft:total_world_time":254205,"minecraft:fall_one_cm":49024},"minecraft:broken":{"minecraft:stone_axe":2,"spartanweaponry:wooden_longbow":1},"minecraft:crafted":{"minecraft:cooked_beef":5,"minecraft:wooden_sword":1,"minecraft:oak_planks":84,"minecraft:wooden_shovel":1,"minecraft:stone_shovel":1,"minecraft:cooked_porkchop":16,"minecraft:crafting_table":2,"minecraft:wooden_pickaxe":1,"minecraft:iron_sword":1,"minecraft:furnace":4,"minecraft:stone_axe":4,"minecraft:air":0,"minecraft:oak_boat":1,"ars_nouveau:novice_spell_book":1,"minecraft:book":1,"minecraft:paper":3,"minecraft:shield":1,"minecraft:iron_axe":1,"minecraft:stick":16,"minecraft:iron_ingot":1,"minecraft:iron_pickaxe":1,"minecraft:stone_pickaxe":3,"minecraft:wooden_axe":1,"minecraft:stone_sword":1,"minecraft:iron_shovel":1,"minecraft:gold_ingot":35,"minecraft:white_bed":1,"minecraft:torch":36},"minecraft:killed":{"minecraft:pig":9,"minecraft:spider":1,"minecraft:creeper":2,"minecraft:sheep":3,"minecraft:skeleton":4,"minecraft:pillager":3,"minecraft:zombie":6,"alexsmobs:crow":1,"minecraft:chicken":2,"alexsmobs:fly":1,"minecraft:cow":3}},"DataVersion":3465}