{"stats":{"minecraft:broken":{"minecraft:stone_axe":2},"minecraft:killed":{"minecraft:pig":4,"minecraft:creeper":2,"minecraft:skeleton":3,"minecraft:zombie":5,"minecraft:chicken":1,"minecraft:cow":3},"minecraft:dropped":{"minecraft:stone_axe":2,"minecraft:wheat_seeds":4,"minecraft:cooked_beef":1,"minecraft:oak_log":261,"minecraft:birch_sapling":28,"biomesoplenty:lavender":1,"minecraft:feather":1,"minecraft:rotten_flesh":1,"minecraft:apple":1,"minecraft:charcoal":1,"minecraft:wooden_axe":1,"minecraft:oak_sapling":56,"minecraft:wooden_shovel":2,"minecraft:wooden_sword":1,"minecraft:stone_pickaxe":1,"minecraft:wooden_pickaxe":2,"minecraft:birch_log":113},"minecraft:custom":{"minecraft:interact_with_furnace":28,"minecraft:mob_kills":19,"minecraft:interact_with_crafting_table":32,"minecraft:leave_game":12,"minecraft:time_since_death":36627,"minecraft:climb_one_cm":571,"minecraft:time_since_rest":36650,"minecraft:sprint_one_cm":151137,"minecraft:damage_taken":2726,"minecraft:walk_one_cm":762632,"minecraft:damage_blocked_by_shield":1380,"minecraft:drop":27,"minecraft:damage_dealt":3084,"minecraft:swim_one_cm":75188,"minecraft:fly_one_cm":299051,"minecraft:open_chest":3,"minecraft:crouch_one_cm":17344,"minecraft:play_time":92594,"minecraft:deaths":5,"minecraft:sneak_time":2808,"minecraft:walk_under_water_one_cm":2471,"minecraft:boat_one_cm":33570,"minecraft:jump":1259,"minecraft:walk_on_water_one_cm":15787,"minecraft:total_world_time":92594,"minecraft:fall_one_cm":32896},"minecraft:crafted":{"minecraft:cooked_beef":5,"minecraft:wooden_sword":1,"minecraft:oak_planks":36,"minecraft:wooden_shovel":1,"minecraft:stone_shovel":1,"minecraft:cooked_porkchop":5,"minecraft:crafting_table":2,"minecraft:wooden_pickaxe":1,"minecraft:furnace":3,"minecraft:stone_axe":4,"minecraft:air":0,"minecraft:oak_boat":1,"minecraft:shield":1,"minecraft:stick":8,"minecraft:iron_ingot":1,"minecraft:stone_pickaxe":2,"minecraft:wooden_axe":1,"minecraft:stone_sword":1,"minecraft:gold_ingot":35,"minecraft:torch":36},"minecraft:picked_up":{"biomesoplenty:lavender":13,"minecraft:birch_log":113,"minecraft:charcoal":1,"minecraft:crafting_table":5,"minecraft:chicken":1,"minecraft:feather":1,"minecraft:cooked_beef":1,"minecraft:leather":3,"minecraft:wooden_pickaxe":2,"minecraft:birch_planks":2,"minecraft:oak_log":473,"minecraft:gunpowder":2,"minecraft:dirt":26,"biomesoplenty:tall_lavender":1,"minecraft:bone":4,"minecraft:apple":13,"minecraft:wheat_seeds":4,"minecraft:gold_nugget":314,"minecraft:iron_ingot":7,"minecraft:beef":5,"minecraft:rose_bush":2,"minecraft:wooden_shovel":1,"minecraft:birch_sapling":42,"minecraft:oak_planks":1,"minecraft:furnace":4,"minecraft:raw_iron":10,"minecraft:stick":89,"minecraft:torch":2,"minecraft:gravel":2,"minecraft:porkchop":5,"minecraft:diorite":1,"minecraft:arrow":3,"minecraft:rotten_flesh":3,"minecraft:stone_axe":1,"minecraft:oak_sapling":184,"minecraft:coal":102,"iceandfire:raw_silver":6,"minecraft:cobblestone":103},"minecraft:used":{"minecraft:diorite":1,"minecraft:rose_bush":1,"minecraft:stone_sword":22,"minecraft:birch_planks":2,"minecraft:stone_pickaxe":144,"minecraft:shield":20,"minecraft:wooden_pickaxe":25,"biomesoplenty:lavender":10,"minecraft:wooden_shovel":22,"minecraft:rotten_flesh":2,"minecraft:torch":21,"minecraft:dirt":9,"minecraft:crafting_table":6,"minecraft:oak_log":7,"minecraft:wooden_axe":54,"minecraft:apple":12,"biomesoplenty:tall_lavender":1,"minecraft:birch_sapling":14,"minecraft:gravel":2,"minecraft:stone_axe":443,"minecraft:wooden_sword":55,"minecraft:cobblestone":6,"minecraft:furnace":4,"minecraft:cooked_porkchop":2,"alexsmobs:animal_dictionary":2,"minecraft:oak_boat":1,"minecraft:cooked_beef":5},"minecraft:mined":{"iceandfire:silver_ore":6,"minecraft:crafting_table":5,"minecraft:torch":1,"minecraft:grass_block":11,"minecraft:rose_bush":1,"minecraft:tall_grass":1,"minecraft:diorite":1,"minecraft:birch_planks":1,"biomesoplenty:tall_lavender":3,"minecraft:furnace":5,"minecraft:birch_log":100,"minecraft:iron_ore":10,"biomesoplenty:lavender":8,"minecraft:grass":21,"minecraft:oak_log":311,"minecraft:coal_ore":51,"iceandfire:gold_pile":33,"minecraft:dirt":13,"minecraft:stone":93,"minecraft:oak_leaves":27},"minecraft:killed_by":{"minecraft:player":1}},"DataVersion":3465}