{"stats":{"minecraft:picked_up":{"minecraft:oak_log":7,"minecraft:dirt":1},"minecraft:used":{"minecraft:dirt":1,"alexsmobs:animal_dictionary":2,"minecraft:oak_log":7},"minecraft:mined":{"minecraft:grass_block":1,"minecraft:oak_log":7,"minecraft:oak_leaves":16},"minecraft:custom":{"minecraft:jump":234,"minecraft:damage_dealt":80,"minecraft:time_since_rest":558,"minecraft:damage_taken":725,"minecraft:leave_game":8,"minecraft:time_since_death":532,"minecraft:play_time":19760,"minecraft:crouch_one_cm":1203,"minecraft:sprint_one_cm":20797,"minecraft:walk_one_cm":49547,"minecraft:deaths":2,"minecraft:sneak_time":351,"minecraft:total_world_time":19760,"minecraft:mob_kills":1,"minecraft:fall_one_cm":7487,"minecraft:fly_one_cm":40413}},"DataVersion":3465}