{"stats":{"minecraft:broken":{"minecraft:stone_pickaxe":1,"minecraft:stone_axe":2,"spartanweaponry:wooden_longbow":1},"minecraft:killed":{"minecraft:spider":1,"minecraft:skeleton":4,"minecraft:chicken":2,"minecraft:pig":10,"minecraft:creeper":6,"minecraft:sheep":8,"minecraft:pillager":3,"minecraft:zombie":8,"alexsmobs:fly":1,"alexsmobs:crow":1,"minecraft:cow":7},"minecraft:dropped":{"iceandfire:raw_silver":9,"minecraft:wheat_seeds":4,"minecraft:cooked_beef":1,"minecraft:oak_log":261,"minecraft:cooked_porkchop":1,"biomesoplenty:lavender":3,"minecraft:feather":5,"minecraft:cobblestone":16,"minecraft:apple":1,"minecraft:coal":2,"minecraft:stick":33,"minecraft:flint":1,"minecraft:dirt":52,"minecraft:wooden_axe":1,"minecraft:gold_nugget":5,"minecraft:wooden_sword":1,"minecraft:white_banner":1,"minecraft:birch_log":113,"minecraft:stone_axe":2,"minecraft:sugar_cane":2,"minecraft:raw_copper":4,"minecraft:birch_sapling":28,"minecraft:rotten_flesh":1,"minecraft:charcoal":1,"minecraft:oak_sapling":56,"minecraft:wooden_shovel":2,"minecraft:arrow":2,"minecraft:wooden_pickaxe":3,"minecraft:stone_pickaxe":2},"minecraft:custom":{"minecraft:mob_kills":53,"minecraft:interact_with_crafting_table":63,"minecraft:open_barrel":3,"minecraft:leave_game":14,"minecraft:time_since_death":62736,"minecraft:climb_one_cm":13246,"minecraft:sprint_one_cm":435477,"minecraft:walk_one_cm":1819354,"minecraft:damage_blocked_by_shield":1845,"minecraft:drop":58,"minecraft:play_time":329073,"minecraft:deaths":7,"minecraft:sneak_time":17864,"minecraft:walk_under_water_one_cm":2756,"minecraft:boat_one_cm":33570,"minecraft:jump":3171,"minecraft:walk_on_water_one_cm":20003,"minecraft:total_world_time":329073,"minecraft:interact_with_furnace":111,"minecraft:sleep_in_bed":3,"minecraft:time_since_rest":5714,"minecraft:damage_taken":4307,"minecraft:damage_dealt":6598,"minecraft:swim_one_cm":98377,"minecraft:fly_one_cm":961909,"minecraft:open_chest":44,"minecraft:crouch_one_cm":61273,"minecraft:fall_one_cm":82743},"minecraft:crafted":{"minecraft:wooden_sword":1,"minecraft:yellow_wool":2,"minecraft:oak_planks":84,"minecraft:stone_shovel":1,"travelersbackpack:yellow_sleeping_bag":1,"minecraft:furnace":7,"minecraft:cooked_mutton":13,"minecraft:glass":12,"ars_nouveau:novice_spell_book":1,"minecraft:iron_axe":1,"minecraft:stone_pickaxe":4,"minecraft:chest":1,"minecraft:cooked_beef":14,"minecraft:wooden_shovel":1,"iceandfire:silver_ingot":2,"minecraft:cooked_porkchop":17,"minecraft:crafting_table":3,"travelersbackpack:backpack_tank":2,"minecraft:wooden_pickaxe":1,"travelersbackpack:standard":1,"minecraft:iron_sword":1,"minecraft:stone_axe":4,"minecraft:air":0,"minecraft:oak_boat":1,"minecraft:book":1,"minecraft:paper":3,"minecraft:yellow_dye":2,"minecraft:shield":1,"minecraft:stick":16,"minecraft:iron_pickaxe":1,"minecraft:iron_ingot":17,"minecraft:wooden_axe":1,"minecraft:stone_sword":1,"minecraft:iron_shovel":1,"minecraft:gold_ingot":40,"minecraft:white_bed":2,"minecraft:torch":52},"minecraft:picked_up":{"minecraft:charcoal":1,"minecraft:crafting_table":6,"minecraft:allium":1,"minecraft:chicken":1,"minecraft:wooden_pickaxe":2,"minecraft:raw_copper":4,"biomesoplenty:tall_lavender":2,"minecraft:cracked_stone_bricks":1,"minecraft:gold_nugget":314,"minecraft:beef":14,"minecraft:rose_bush":2,"minecraft:wooden_shovel":1,"minecraft:sugar_cane":5,"minecraft:birch_sapling":42,"minecraft:furnace":10,"minecraft:stick":89,"minecraft:raw_iron":29,"iceandfire:chared_grass":1,"minecraft:torch":4,"epicfight:skillbook":2,"minecraft:porkchop":15,"minecraft:diorite":44,"minecraft:arrow":3,"minecraft:rotten_flesh":3,"minecraft:mutton":12,"minecraft:white_wool":9,"minecraft:cobblestone":478,"minecraft:birch_log":113,"biomesoplenty:lavender":20,"minecraft:feather":5,"minecraft:cooked_beef":3,"minecraft:leather":8,"minecraft:birch_planks":5,"minecraft:flint":1,"create:raw_zinc":34,"minecraft:oak_log":473,"minecraft:gunpowder":8,"minecraft:lapis_lazuli":53,"minecraft:dirt":119,"minecraft:white_banner":3,"minecraft:bone":6,"minecraft:apple":13,"minecraft:wheat_seeds":4,"minecraft:raw_gold":5,"minecraft:iron_ingot":7,"minecraft:oak_planks":5,"minecraft:iron_sword":1,"minecraft:dripstone_block":1,"minecraft:gravel":3,"minecraft:sand":14,"spartanweaponry:wooden_longbow":1,"minecraft:stone_axe":1,"minecraft:granite":11,"minecraft:oak_sapling":184,"minecraft:coal":218,"iceandfire:raw_silver":11,"minecraft:sunflower":1},"minecraft:used":{"minecraft:rose_bush":1,"minecraft:stone_sword":110,"minecraft:stone_shovel":34,"minecraft:shield":27,"minecraft:wooden_shovel":22,"minecraft:rotten_flesh":2,"minecraft:torch":65,"minecraft:dirt":65,"minecraft:granite":11,"minecraft:wooden_axe":54,"biomesoplenty:tall_lavender":2,"minecraft:birch_sapling":14,"minecraft:furnace":17,"minecraft:cooked_beef":7,"minecraft:cooked_mutton":6,"epicfight:skillbook":8,"minecraft:diorite":42,"minecraft:birch_planks":5,"minecraft:stone_pickaxe":486,"minecraft:wooden_pickaxe":32,"biomesoplenty:lavender":17,"minecraft:cracked_stone_bricks":1,"minecraft:sand":2,"spartanweaponry:wooden_longbow":1,"minecraft:crafting_table":9,"minecraft:white_bed":2,"minecraft:dripstone_block":1,"minecraft:oak_log":7,"minecraft:apple":12,"minecraft:gravel":3,"minecraft:stone_axe":448,"minecraft:wooden_sword":55,"minecraft:cobblestone":44,"minecraft:white_banner":2,"minecraft:cooked_porkchop":13,"iceandfire:chared_grass":1,"alexsmobs:animal_dictionary":2,"minecraft:oak_boat":1},"minecraft:mined":{"iceandfire:silver_ore":9,"minecraft:granite":12,"minecraft:grass_block":38,"iceandfire:chared_grass":1,"biomesoplenty:tall_lavender":4,"minecraft:furnace":10,"minecraft:iron_ore":14,"biomesoplenty:lavender":16,"iceandfire:gold_pile":33,"minecraft:white_banner":2,"minecraft:stone":339,"minecraft:white_wool":1,"minecraft:crafting_table":6,"minecraft:torch":2,"minecraft:rose_bush":1,"minecraft:copper_ore":1,"minecraft:tall_grass":1,"minecraft:cobblestone":8,"minecraft:sugar_cane":2,"minecraft:diorite":9,"minecraft:birch_planks":1,"ars_nouveau:archwood_planks":4,"minecraft:birch_log":100,"minecraft:grass":27,"minecraft:oak_log":311,"minecraft:coal_ore":94,"minecraft:sunflower":1,"minecraft:sand":14,"minecraft:dripstone_block":1,"minecraft:dirt":73,"minecraft:oak_leaves":27},"minecraft:killed_by":{"minecraft:player":1,"iceandfire:fire_dragon":1}},"DataVersion":3465}