{"stats":{"minecraft:broken":{"minecraft:stone_axe":2},"minecraft:killed":{"minecraft:creeper":1,"minecraft:skeleton":3,"minecraft:zombie":4,"minecraft:cow":3},"minecraft:dropped":{"minecraft:stone_axe":1,"minecraft:cooked_beef":1,"minecraft:oak_log":261,"minecraft:apple":1,"minecraft:wooden_axe":1,"minecraft:wooden_shovel":1,"minecraft:wooden_pickaxe":2,"minecraft:birch_log":113},"minecraft:custom":{"minecraft:interact_with_furnace":21,"minecraft:mob_kills":12,"minecraft:interact_with_crafting_table":27,"minecraft:leave_game":12,"minecraft:time_since_death":24627,"minecraft:climb_one_cm":571,"minecraft:time_since_rest":24650,"minecraft:sprint_one_cm":120081,"minecraft:damage_taken":2641,"minecraft:walk_one_cm":625698,"minecraft:damage_blocked_by_shield":1380,"minecraft:drop":15,"minecraft:damage_dealt":2236,"minecraft:swim_one_cm":70928,"minecraft:fly_one_cm":184609,"minecraft:crouch_one_cm":12001,"minecraft:play_time":80594,"minecraft:deaths":5,"minecraft:sneak_time":2108,"minecraft:walk_under_water_one_cm":2437,"minecraft:boat_one_cm":33570,"minecraft:jump":965,"minecraft:walk_on_water_one_cm":9517,"minecraft:total_world_time":80594,"minecraft:fall_one_cm":25653},"minecraft:crafted":{"minecraft:cooked_beef":5,"minecraft:wooden_sword":1,"minecraft:oak_planks":36,"minecraft:wooden_shovel":1,"minecraft:crafting_table":2,"minecraft:wooden_pickaxe":1,"minecraft:furnace":3,"minecraft:stone_axe":3,"minecraft:air":0,"minecraft:oak_boat":1,"minecraft:shield":1,"minecraft:stick":8,"minecraft:iron_ingot":1,"minecraft:stone_pickaxe":1,"minecraft:wooden_axe":1,"minecraft:torch":36},"minecraft:picked_up":{"minecraft:birch_log":113,"minecraft:charcoal":1,"minecraft:crafting_table":3,"minecraft:cooked_beef":1,"minecraft:leather":3,"minecraft:wooden_pickaxe":2,"minecraft:birch_planks":2,"minecraft:oak_log":473,"minecraft:gunpowder":2,"minecraft:dirt":15,"minecraft:bone":4,"minecraft:apple":13,"minecraft:wheat_seeds":4,"minecraft:iron_ingot":7,"minecraft:beef":5,"minecraft:rose_bush":2,"minecraft:wooden_shovel":1,"minecraft:birch_sapling":42,"minecraft:oak_planks":1,"minecraft:furnace":3,"minecraft:raw_iron":10,"minecraft:stick":89,"minecraft:torch":2,"minecraft:gravel":2,"minecraft:diorite":1,"minecraft:arrow":3,"minecraft:rotten_flesh":1,"minecraft:stone_axe":1,"minecraft:oak_sapling":156,"minecraft:coal":50,"iceandfire:raw_silver":6,"minecraft:cobblestone":93},"minecraft:used":{"minecraft:diorite":1,"minecraft:rose_bush":1,"minecraft:birch_planks":2,"minecraft:stone_pickaxe":113,"minecraft:shield":20,"minecraft:wooden_pickaxe":25,"minecraft:wooden_shovel":22,"minecraft:rotten_flesh":1,"minecraft:torch":16,"minecraft:dirt":9,"minecraft:crafting_table":4,"minecraft:oak_log":7,"minecraft:wooden_axe":54,"minecraft:apple":12,"minecraft:birch_sapling":14,"minecraft:gravel":2,"minecraft:stone_axe":439,"minecraft:wooden_sword":49,"minecraft:cobblestone":6,"minecraft:furnace":3,"alexsmobs:animal_dictionary":2,"minecraft:oak_boat":1,"minecraft:cooked_beef":5},"minecraft:mined":{"iceandfire:silver_ore":6,"minecraft:crafting_table":3,"minecraft:torch":1,"minecraft:grass_block":11,"minecraft:rose_bush":1,"minecraft:tall_grass":1,"minecraft:diorite":1,"minecraft:birch_planks":1,"minecraft:furnace":4,"minecraft:birch_log":100,"minecraft:iron_ore":10,"minecraft:grass":21,"minecraft:oak_log":311,"minecraft:coal_ore":30,"minecraft:dirt":13,"minecraft:stone":85,"minecraft:oak_leaves":27},"minecraft:killed_by":{"minecraft:player":1}},"DataVersion":3465}