{"stats":{"minecraft:killed":{"minecraft:skeleton":1,"minecraft:zombie":1,"minecraft:cow":2},"minecraft:dropped":{"minecraft:wooden_axe":1,"minecraft:wooden_shovel":1,"minecraft:wooden_pickaxe":2},"minecraft:crafted":{"minecraft:cooked_beef":3,"minecraft:wooden_sword":1,"minecraft:oak_boat":1,"minecraft:oak_planks":32,"minecraft:wooden_shovel":1,"minecraft:crafting_table":1,"minecraft:stick":8,"minecraft:wooden_pickaxe":1,"minecraft:stone_pickaxe":1,"minecraft:wooden_axe":1,"minecraft:furnace":2,"minecraft:stone_axe":1,"minecraft:air":0},"minecraft:custom":{"minecraft:time_since_rest":13589,"minecraft:interact_with_furnace":13,"minecraft:sprint_one_cm":57775,"minecraft:damage_taken":1986,"minecraft:walk_one_cm":259360,"minecraft:mob_kills":5,"minecraft:drop":4,"minecraft:damage_dealt":635,"minecraft:interact_with_crafting_table":15,"minecraft:fly_one_cm":84789,"minecraft:crouch_one_cm":5114,"minecraft:play_time":44594,"minecraft:deaths":4,"minecraft:sneak_time":995,"minecraft:boat_one_cm":33570,"minecraft:jump":432,"minecraft:leave_game":12,"minecraft:time_since_death":13549,"minecraft:total_world_time":44594,"minecraft:fall_one_cm":12478},"minecraft:picked_up":{"minecraft:birch_log":42,"minecraft:charcoal":1,"minecraft:stick":12,"minecraft:leather":3,"minecraft:wooden_pickaxe":1,"minecraft:oak_log":60,"minecraft:dirt":9,"minecraft:bone":1,"minecraft:arrow":2,"minecraft:apple":4,"minecraft:beef":4,"minecraft:rose_bush":2,"minecraft:wooden_shovel":1,"minecraft:oak_sapling":34,"minecraft:coal":9,"minecraft:birch_sapling":14,"minecraft:cobblestone":26,"minecraft:crafting_table":1},"minecraft:used":{"minecraft:oak_log":7,"minecraft:wooden_axe":54,"minecraft:rose_bush":1,"minecraft:apple":3,"minecraft:stone_pickaxe":11,"minecraft:birch_sapling":14,"minecraft:wooden_pickaxe":25,"minecraft:wooden_shovel":17,"minecraft:stone_axe":57,"minecraft:wooden_sword":9,"minecraft:dirt":8,"minecraft:crafting_table":1,"minecraft:furnace":2,"minecraft:oak_boat":1,"alexsmobs:animal_dictionary":2,"minecraft:cooked_beef":2},"minecraft:mined":{"minecraft:birch_log":42,"minecraft:crafting_table":1,"minecraft:grass":2,"minecraft:coal_ore":9,"minecraft:grass_block":6,"minecraft:oak_log":62,"minecraft:rose_bush":1,"minecraft:dirt":12,"minecraft:stone":26,"minecraft:oak_leaves":24},"minecraft:killed_by":{"minecraft:player":1}},"DataVersion":3465}