{"stats":{"minecraft:used":{"minecraft:oak_log":6,"minecraft:dirt":1},"minecraft:picked_up":{"minecraft:oak_log":6,"minecraft:dirt":1},"minecraft:mined":{"minecraft:grass_block":1,"minecraft:oak_log":6,"minecraft:oak_leaves":3},"minecraft:custom":{"minecraft:jump":150,"minecraft:time_since_rest":8367,"minecraft:damage_dealt":30,"minecraft:damage_taken":10,"minecraft:leave_game":5,"minecraft:play_time":8367,"minecraft:crouch_one_cm":290,"minecraft:sprint_one_cm":15965,"minecraft:time_since_death":8367,"minecraft:walk_one_cm":31218,"minecraft:sneak_time":48,"minecraft:total_world_time":8367,"minecraft:fall_one_cm":4238,"minecraft:fly_one_cm":34686}},"DataVersion":3465}