{"stats":{"minecraft:killed":{"minecraft:cave_spider":1,"minecraft:spider":9,"minecraft:skeleton":14,"minecraft:chicken":4,"minecraft:silverfish":1,"alexsmobs:flying_fish":1,"minecraft:husk":1,"minecraft:pig":9,"minecraft:zombie_villager":1,"irons_spellbooks:necromancer":1,"minecraft:creeper":1,"minecraft:sheep":7,"minecraft:zombie":7,"iceandfire:ghost":3,"minecraft:cow":3,"minecraft:enderman":1},"minecraft:dropped":{"minecraft:nether_brick_stairs":1,"minecraft:mossy_cobblestone":3,"minecraft:feather":5,"minecraft:iron_helmet":1,"minecraft:leather":5,"iceandfire:ectoplasm":1,"minecraft:cracked_stone_bricks":4,"irons_spellbooks:tarnished_helmet":1,"ars_nouveau:worn_notebook":1,"minecraft:gray_wool":1,"minecraft:mossy_cobblestone_slab":1,"minecraft:iron_leggings":1,"minecraft:oak_stairs":1,"minecraft:iron_axe":1,"minecraft:glistering_melon_slice":3,"minecraft:chainmail_leggings":2,"minecraft:string":5,"irons_spellbooks:frozen_bone":7,"minecraft:white_wool":4,"minecraft:mangrove_slab":1,"minecraft:gold_ingot":10,"minecraft:bone":25,"minecraft:nether_brick_slab":2,"minecraft:stone_axe":1,"alexsmobs:maggot":1,"alexsmobs:animal_dictionary":1,"minecraft:rotten_flesh":6,"minecraft:oak_planks":1,"minecraft:iron_boots":1,"minecraft:white_bed":3,"minecraft:nether_bricks":1,"minecraft:tipped_arrow":1,"minecraft:gunpowder":2,"minecraft:oak_sapling":8,"minecraft:golden_leggings":1,"minecraft:chainmail_boots":2,"minecraft:leather_leggings":3,"minecraft:spider_eye":1,"minecraft:stone_bricks":2,"minecraft:red_nether_bricks":13,"minecraft:iron_bars":8,"minecraft:bow":2,"minecraft:arrow":12,"minecraft:red_tulip":2,"minecraft:calcite":1,"minecraft:magma_block":1,"minecraft:netherrack":1},"minecraft:custom":{"minecraft:mob_kills":67,"minecraft:interact_with_crafting_table":12,"minecraft:open_barrel":9,"minecraft:eat_cake_slice":2,"minecraft:leave_game":4,"minecraft:time_since_death":90706,"minecraft:climb_one_cm":8540,"minecraft:sprint_one_cm":1145924,"minecraft:walk_one_cm":691372,"minecraft:damage_blocked_by_shield":1320,"minecraft:drop":87,"minecraft:play_time":122297,"minecraft:deaths":3,"minecraft:sneak_time":3284,"minecraft:walk_under_water_one_cm":6828,"minecraft:boat_one_cm":118748,"minecraft:jump":1720,"minecraft:walk_on_water_one_cm":10772,"minecraft:total_world_time":122297,"minecraft:interact_with_furnace":32,"spartanshields:shield_bash_hits":1,"minecraft:interact_with_cartography_table":1,"minecraft:sleep_in_bed":5,"minecraft:time_since_rest":5707,"minecraft:damage_taken":3442,"minecraft:damage_absorbed":40,"minecraft:trigger_trapped_chest":2,"minecraft:damage_dealt":9384,"minecraft:swim_one_cm":38665,"minecraft:fly_one_cm":656740,"minecraft:open_chest":47,"minecraft:crouch_one_cm":14373,"minecraft:interact_with_smoker":8,"minecraft:fall_one_cm":50944},"minecraft:crafted":{"minecraft:oak_planks":96,"minecraft:cooked_chicken":4,"minecraft:cooked_mutton":4,"minecraft:iron_boots":1,"minecraft:iron_axe":2,"minecraft:stone_pickaxe":1,"minecraft:smoker":1,"minecraft:cooked_beef":5,"minecraft:cooked_porkchop":10,"minecraft:crafting_table":3,"minecraft:wooden_pickaxe":1,"minecraft:iron_helmet":2,"minecraft:iron_sword":1,"minecraft:stone_axe":1,"minecraft:air":0,"minecraft:oak_boat":2,"minecraft:iron_chestplate":2,"minecraft:shield":1,"minecraft:stick":24,"minecraft:iron_ingot":16,"minecraft:iron_pickaxe":1,"minecraft:wooden_axe":1,"minecraft:iron_leggings":1,"minecraft:torch":76},"minecraft:picked_up":{"minecraft:crafting_table":6,"minecraft:iron_chestplate":1,"travelersbackpack:hay":2,"minecraft:chainmail_boots":3,"minecraft:chicken":4,"minecraft:leather_leggings":3,"irons_spellbooks:tarnished_helmet":1,"minecraft:oak_stairs":1,"minecraft:brewing_stand":1,"minecraft:shield":1,"minecraft:string":5,"minecraft:red_nether_bricks":13,"minecraft:item_frame":1,"minecraft:cracked_stone_bricks":6,"minecraft:cobbled_deepslate":16,"minecraft:beef":5,"minecraft:oak_boat":2,"minecraft:calcite":1,"minecraft:coal_block":5,"minecraft:furnace":5,"minecraft:tipped_arrow":1,"minecraft:stick":6,"minecraft:torch":5,"minecraft:porkchop":10,"minecraft:cookie":1,"minecraft:carrot":8,"minecraft:arrow":10,"minecraft:rotten_flesh":9,"minecraft:nether_bricks":14,"minecraft:red_tulip":2,"minecraft:mutton":9,"alexsmobs:flying_fish":2,"minecraft:iron_bars":18,"minecraft:white_wool":6,"minecraft:cobblestone":286,"minecraft:magma_block":1,"minecraft:mossy_cobblestone_slab":1,"minecraft:feather":5,"minecraft:cooked_beef":1,"minecraft:andesite":3,"minecraft:leather":5,"minecraft:golden_leggings":2,"minecraft:smoker":1,"minecraft:oak_log":40,"iceandfire:ectoplasm":1,"minecraft:gunpowder":2,"minecraft:mangrove_slab":1,"minecraft:bone":25,"minecraft:apple":2,"minecraft:stone_bricks":2,"minecraft:bow":2,"minecraft:iron_ingot":30,"minecraft:mossy_stone_bricks":1,"minecraft:oak_planks":5,"minecraft:soul_sand":1,"irons_spellbooks:frozen_bone":7,"minecraft:chiseled_stone_bricks":1,"minecraft:stone_brick_slab":1,"minecraft:dandelion":1,"minecraft:nether_brick_stairs":1,"minecraft:blast_furnace":1,"minecraft:white_bed":11,"minecraft:nether_brick_slab":4,"minecraft:spider_eye":1,"minecraft:mossy_cobblestone":4,"minecraft:stone_axe":1,"waystones:waystone":2,"minecraft:chainmail_leggings":2,"minecraft:iron_helmet":1,"minecraft:granite":9,"minecraft:gray_wool":1,"minecraft:bread":24,"alexsmobs:maggot":1,"minecraft:oak_sapling":16,"minecraft:netherrack":1,"minecraft:coal":64},"minecraft:used":{"minecraft:iron_bars":6,"minecraft:shield":14,"minecraft:iron_sword":70,"minecraft:cooked_chicken":4,"minecraft:rotten_flesh":3,"minecraft:torch":54,"minecraft:soul_sand":1,"travelersbackpack:hay":3,"minecraft:nether_bricks":13,"minecraft:carrot":21,"minecraft:nether_brick_slab":2,"minecraft:granite":8,"minecraft:stone_brick_slab":1,"minecraft:wooden_axe":4,"minecraft:iron_axe":153,"minecraft:item_frame":1,"minecraft:oak_sapling":8,"minecraft:furnace":2,"minecraft:cooked_beef":9,"minecraft:cooked_mutton":1,"epicfight:skillbook":3,"minecraft:stone_pickaxe":33,"minecraft:baked_potato":3,"minecraft:oak_planks":19,"minecraft:ender_pearl":1,"minecraft:wooden_pickaxe":19,"minecraft:cracked_stone_bricks":1,"minecraft:cookie":1,"minecraft:golden_apple":2,"minecraft:white_wool":2,"minecraft:crafting_table":7,"minecraft:white_bed":7,"minecraft:smoker":1,"alexsmobs:flying_fish":2,"minecraft:apple":2,"minecraft:bread":28,"minecraft:iron_pickaxe":173,"minecraft:stone_axe":28,"minecraft:cobblestone":144,"minecraft:potion":1,"minecraft:oak_boat":3,"minecraft:dandelion":1},"minecraft:mined":{"minecraft:white_bed":9,"minecraft:mossy_cobblestone":4,"minecraft:red_nether_bricks":11,"minecraft:brewing_stand":1,"minecraft:nether_bricks":16,"minecraft:granite":9,"minecraft:grass_block":1,"minecraft:coal_block":5,"minecraft:chiseled_stone_bricks":1,"minecraft:spawner":21,"minecraft:magma_block":1,"minecraft:mossy_cobblestone_slab":1,"minecraft:furnace":5,"minecraft:carrots":2,"minecraft:fire":6,"minecraft:nether_brick_stairs":1,"minecraft:bookshelf":1,"minecraft:vine":6,"minecraft:iron_bars":15,"minecraft:stone":76,"minecraft:soul_sand":1,"minecraft:smoker":1,"minecraft:stone_brick_slab":2,"minecraft:dandelion":1,"minecraft:crafting_table":6,"minecraft:torch":1,"minecraft:blast_furnace":1,"minecraft:calcite":1,"minecraft:nether_brick_slab":5,"minecraft:cobblestone":7,"minecraft:oak_planks":6,"minecraft:wall_torch":1,"travelersbackpack:hay":1,"minecraft:grass":1,"minecraft:mangrove_slab":1,"minecraft:oak_log":48,"minecraft:coal_ore":1,"minecraft:dirt":2,"minecraft:cracked_stone_bricks":6,"minecraft:stone_bricks":2,"minecraft:netherrack":1,"minecraft:mossy_stone_bricks":2,"minecraft:oak_leaves":3,"minecraft:deepslate":16}},"DataVersion":3465}