{"stats":{"minecraft:killed":{"minecraft:zombie":3,"minecraft:zombie_villager":1,"minecraft:chicken":1,"minecraft:spider":3,"alexsmobs:flying_fish":1,"minecraft:creeper":1,"minecraft:cow":1},"minecraft:dropped":{"minecraft:stone_axe":1,"ars_nouveau:worn_notebook":1,"minecraft:gunpowder":2,"alexsmobs:animal_dictionary":1,"minecraft:feather":2,"minecraft:leather":2,"minecraft:red_tulip":2},"minecraft:custom":{"minecraft:time_since_rest":3075,"minecraft:damage_taken":488,"minecraft:interact_with_furnace":14,"minecraft:sprint_one_cm":172852,"minecraft:walk_one_cm":103172,"minecraft:mob_kills":12,"minecraft:drop":10,"minecraft:damage_dealt":1827,"minecraft:swim_one_cm":19898,"minecraft:interact_with_crafting_table":5,"minecraft:fly_one_cm":111881,"minecraft:crouch_one_cm":1918,"minecraft:play_time":17989,"minecraft:deaths":1,"minecraft:sneak_time":468,"minecraft:walk_under_water_one_cm":5916,"minecraft:jump":291,"minecraft:walk_on_water_one_cm":4984,"minecraft:time_since_death":3051,"minecraft:total_world_time":17989,"minecraft:fall_one_cm":10696},"minecraft:crafted":{"minecraft:cooked_beef":2,"minecraft:oak_planks":20,"minecraft:crafting_table":1,"minecraft:stick":8,"minecraft:wooden_pickaxe":1,"minecraft:cooked_chicken":1,"minecraft:stone_pickaxe":1,"minecraft:wooden_axe":1,"minecraft:stone_axe":1,"minecraft:air":0},"minecraft:picked_up":{"minecraft:cooked_beef":1,"minecraft:crafting_table":2,"minecraft:feather":2,"minecraft:chicken":1,"minecraft:leather":2,"minecraft:torch":1,"minecraft:oak_log":5,"minecraft:gunpowder":2,"minecraft:rotten_flesh":3,"minecraft:stone_axe":1,"minecraft:beef":2,"minecraft:red_tulip":2,"alexsmobs:flying_fish":2,"minecraft:cobblestone":113,"minecraft:furnace":2},"minecraft:used":{"alexsmobs:flying_fish":2,"minecraft:wooden_axe":4,"minecraft:stone_pickaxe":17,"minecraft:wooden_pickaxe":19,"minecraft:rotten_flesh":3,"minecraft:cooked_chicken":1,"minecraft:stone_axe":27,"minecraft:cobblestone":4,"minecraft:crafting_table":2,"minecraft:furnace":1,"minecraft:cooked_beef":2},"minecraft:mined":{"minecraft:furnace":2,"minecraft:crafting_table":2,"minecraft:oak_log":5,"minecraft:stone":34}},"DataVersion":3465}