{"stats":{"minecraft:killed":{"minecraft:chicken":1,"minecraft:cow":1},"minecraft:dropped":{"minecraft:feather":2,"ars_nouveau:worn_notebook":1,"alexsmobs:animal_dictionary":1},"minecraft:crafted":{"minecraft:oak_planks":20,"minecraft:crafting_table":1,"minecraft:stick":4,"minecraft:air":0,"minecraft:cooked_chicken":1,"minecraft:wooden_axe":1},"minecraft:custom":{"minecraft:time_since_rest":5989,"minecraft:interact_with_furnace":4,"minecraft:crouch_one_cm":2,"minecraft:play_time":5989,"minecraft:sprint_one_cm":90316,"minecraft:damage_taken":40,"minecraft:walk_one_cm":20263,"minecraft:sneak_time":6,"minecraft:mob_kills":2,"minecraft:drop":4,"minecraft:jump":136,"minecraft:damage_dealt":140,"minecraft:time_since_death":5989,"minecraft:total_world_time":5989,"minecraft:fall_one_cm":3373,"minecraft:interact_with_crafting_table":2,"minecraft:fly_one_cm":67876},"minecraft:picked_up":{"minecraft:feather":2,"minecraft:crafting_table":1,"minecraft:chicken":1,"minecraft:leather":1,"minecraft:beef":2,"minecraft:oak_log":5},"minecraft:used":{"minecraft:cooked_chicken":1,"minecraft:wooden_axe":4,"minecraft:crafting_table":1},"minecraft:mined":{"minecraft:oak_log":5,"minecraft:crafting_table":1}},"DataVersion":3465}