{"stats":{"minecraft:used":{"minecraft:iron_bars":4,"minecraft:shield":11,"minecraft:iron_sword":26,"minecraft:cooked_chicken":4,"minecraft:rotten_flesh":3,"minecraft:torch":27,"minecraft:carrot":7,"minecraft:nether_brick_slab":2,"minecraft:stone_brick_slab":1,"minecraft:wooden_axe":4,"minecraft:iron_axe":88,"minecraft:item_frame":1,"minecraft:oak_sapling":5,"minecraft:furnace":2,"minecraft:cooked_beef":8,"epicfight:skillbook":3,"minecraft:stone_pickaxe":33,"minecraft:oak_planks":19,"minecraft:ender_pearl":1,"minecraft:wooden_pickaxe":19,"minecraft:cookie":1,"minecraft:white_wool":2,"minecraft:crafting_table":6,"minecraft:white_bed":3,"alexsmobs:flying_fish":2,"minecraft:bread":6,"minecraft:iron_pickaxe":71,"minecraft:stone_axe":28,"minecraft:cobblestone":109,"minecraft:oak_boat":2,"minecraft:dandelion":1},"minecraft:dropped":{"minecraft:mossy_cobblestone":1,"minecraft:feather":5,"minecraft:leather":5,"minecraft:cracked_stone_bricks":2,"ars_nouveau:worn_notebook":1,"minecraft:mossy_cobblestone_slab":1,"minecraft:oak_stairs":1,"minecraft:glistering_melon_slice":3,"minecraft:string":5,"minecraft:mangrove_slab":1,"minecraft:gold_ingot":10,"minecraft:bone":7,"minecraft:stone_axe":1,"alexsmobs:maggot":1,"alexsmobs:animal_dictionary":1,"minecraft:rotten_flesh":1,"minecraft:oak_planks":1,"minecraft:iron_boots":1,"minecraft:white_bed":3,"minecraft:gunpowder":2,"minecraft:spider_eye":1,"minecraft:stone_bricks":2,"minecraft:red_nether_bricks":13,"minecraft:iron_bars":2,"minecraft:arrow":5,"minecraft:red_tulip":2,"minecraft:calcite":1},"minecraft:picked_up":{"minecraft:crafting_table":5,"minecraft:chicken":4,"minecraft:oak_stairs":1,"minecraft:string":5,"minecraft:red_nether_bricks":13,"minecraft:item_frame":1,"minecraft:cracked_stone_bricks":2,"minecraft:cobbled_deepslate":16,"minecraft:beef":5,"minecraft:oak_boat":1,"minecraft:calcite":1,"minecraft:furnace":5,"minecraft:torch":4,"minecraft:cookie":1,"minecraft:carrot":8,"minecraft:arrow":6,"minecraft:rotten_flesh":4,"minecraft:red_tulip":2,"minecraft:mutton":2,"minecraft:iron_bars":8,"minecraft:white_wool":2,"alexsmobs:flying_fish":2,"minecraft:cobblestone":258,"minecraft:cooked_beef":1,"minecraft:mossy_cobblestone_slab":1,"minecraft:feather":5,"minecraft:leather":5,"minecraft:oak_log":24,"minecraft:gunpowder":2,"minecraft:mangrove_slab":1,"minecraft:bone":7,"minecraft:stone_bricks":2,"minecraft:iron_ingot":30,"minecraft:oak_planks":1,"minecraft:stone_brick_slab":1,"minecraft:dandelion":1,"minecraft:white_bed":6,"minecraft:nether_brick_slab":2,"minecraft:spider_eye":1,"minecraft:mossy_cobblestone":1,"minecraft:stone_axe":1,"alexsmobs:maggot":1,"minecraft:oak_sapling":5,"minecraft:coal":14},"minecraft:custom":{"minecraft:mob_kills":39,"minecraft:interact_with_crafting_table":11,"minecraft:open_barrel":9,"minecraft:eat_cake_slice":2,"minecraft:leave_game":2,"minecraft:time_since_death":26803,"minecraft:climb_one_cm":600,"minecraft:sprint_one_cm":523422,"minecraft:walk_one_cm":396779,"minecraft:damage_blocked_by_shield":795,"minecraft:drop":40,"minecraft:play_time":58394,"minecraft:deaths":3,"minecraft:sneak_time":2883,"minecraft:walk_under_water_one_cm":6371,"minecraft:boat_one_cm":109973,"minecraft:jump":816,"minecraft:walk_on_water_one_cm":10221,"minecraft:total_world_time":58394,"minecraft:interact_with_furnace":32,"spartanshields:shield_bash_hits":1,"minecraft:interact_with_cartography_table":1,"minecraft:sleep_in_bed":2,"minecraft:time_since_rest":3944,"minecraft:damage_taken":2199,"minecraft:trigger_trapped_chest":2,"minecraft:damage_dealt":6101,"minecraft:swim_one_cm":21689,"minecraft:fly_one_cm":261436,"minecraft:open_chest":18,"minecraft:crouch_one_cm":13325,"minecraft:fall_one_cm":22701},"minecraft:mined":{"minecraft:white_bed":4,"minecraft:mossy_cobblestone":1,"minecraft:red_nether_bricks":11,"minecraft:grass_block":1,"minecraft:spawner":12,"minecraft:mossy_cobblestone_slab":1,"minecraft:furnace":5,"minecraft:carrots":2,"minecraft:fire":6,"minecraft:vine":3,"minecraft:iron_bars":8,"minecraft:stone":53,"minecraft:stone_brick_slab":2,"minecraft:dandelion":1,"minecraft:crafting_table":5,"minecraft:torch":1,"minecraft:calcite":1,"minecraft:nether_brick_slab":2,"minecraft:cobblestone":2,"minecraft:oak_planks":2,"minecraft:mangrove_slab":1,"minecraft:coal_ore":1,"minecraft:oak_log":26,"minecraft:dirt":2,"minecraft:cracked_stone_bricks":2,"minecraft:stone_bricks":2,"minecraft:mossy_stone_bricks":1,"minecraft:deepslate":16,"minecraft:oak_leaves":2},"minecraft:crafted":{"minecraft:oak_planks":96,"minecraft:cooked_chicken":4,"minecraft:iron_boots":1,"minecraft:iron_axe":2,"minecraft:stone_pickaxe":1,"minecraft:cooked_beef":5,"minecraft:crafting_table":3,"minecraft:wooden_pickaxe":1,"minecraft:iron_helmet":1,"minecraft:iron_sword":1,"minecraft:stone_axe":1,"minecraft:air":0,"minecraft:oak_boat":2,"minecraft:iron_chestplate":1,"minecraft:shield":1,"minecraft:stick":24,"minecraft:iron_ingot":16,"minecraft:iron_pickaxe":1,"minecraft:wooden_axe":1,"minecraft:iron_leggings":1,"minecraft:torch":32},"minecraft:killed":{"minecraft:cave_spider":1,"minecraft:spider":9,"minecraft:skeleton":6,"minecraft:chicken":4,"alexsmobs:flying_fish":1,"minecraft:husk":1,"minecraft:zombie_villager":1,"minecraft:creeper":1,"minecraft:sheep":2,"minecraft:zombie":5,"iceandfire:ghost":2,"minecraft:enderman":1,"minecraft:cow":3}},"DataVersion":3465}