{"stats":{"minecraft:mined":{"minecraft:spruce_planks":2,"minecraft:white_bed":13,"iceandfire:silver_ore":1,"minecraft:mossy_cobblestone":4,"minecraft:red_nether_bricks":11,"minecraft:brewing_stand":1,"minecraft:nether_bricks":16,"minecraft:granite":9,"minecraft:stone_brick_wall":2,"minecraft:grass_block":3,"minecraft:coal_block":5,"minecraft:polished_andesite_slab":1,"minecraft:spruce_leaves":3,"ars_nouveau:sourceberry_bush":2,"minecraft:chiseled_stone_bricks":1,"minecraft:spawner":21,"minecraft:large_fern":1,"minecraft:hay_block":6,"minecraft:magma_block":1,"minecraft:mossy_cobblestone_slab":1,"minecraft:furnace":7,"minecraft:carrots":27,"minecraft:fire":6,"minecraft:nether_brick_stairs":1,"minecraft:bookshelf":1,"minecraft:potatoes":15,"minecraft:vine":8,"minecraft:iron_bars":15,"minecraft:stone":106,"minecraft:orange_bed":2,"minecraft:soul_sand":1,"minecraft:smoker":11,"minecraft:stone_brick_slab":2,"minecraft:dandelion":1,"minecraft:crafting_table":6,"minecraft:torch":1,"minecraft:blast_furnace":3,"minecraft:emerald_ore":4,"minecraft:calcite":1,"minecraft:nether_brick_slab":5,"minecraft:cobblestone":7,"biomesoplenty:huge_clover_petal":2,"minecraft:oak_planks":6,"minecraft:diorite":1,"minecraft:wall_torch":1,"travelersbackpack:hay":1,"minecraft:birch_log":5,"minecraft:sweet_berry_bush":7,"minecraft:birch_leaves":1,"minecraft:grass":8,"minecraft:mangrove_slab":1,"biomesoplenty:clover":3,"minecraft:coal_ore":4,"minecraft:oak_log":79,"minecraft:sand":1,"minecraft:dirt":2,"minecraft:cracked_stone_bricks":6,"minecraft:stone_bricks":2,"minecraft:netherrack":1,"minecraft:mossy_stone_bricks":3,"minecraft:oak_leaves":3,"minecraft:deepslate":16},"minecraft:broken":{"minecraft:shield":1},"minecraft:killed":{"minecraft:cave_spider":1,"irons_spellbooks:summoned_zombie":2,"minecraft:spider":9,"minecraft:skeleton":22,"minecraft:chicken":11,"minecraft:silverfish":1,"alexsmobs:flying_fish":1,"minecraft:husk":1,"minecraft:pig":26,"minecraft:zombie_villager":1,"irons_spellbooks:necromancer":1,"minecraft:creeper":1,"minecraft:sheep":12,"minecraft:zombie":9,"iceandfire:ghost":6,"minecraft:enderman":1,"minecraft:cow":17},"minecraft:used":{"minecraft:iron_bars":6,"minecraft:spruce_planks":1,"minecraft:shield":62,"spartanweaponry:iron_halberd":10,"minecraft:iron_sword":117,"minecraft:cooked_chicken":9,"minecraft:rotten_flesh":3,"minecraft:orange_bed":2,"minecraft:torch":54,"minecraft:soul_sand":1,"minecraft:dirt":1,"travelersbackpack:hay":4,"minecraft:nether_bricks":13,"minecraft:carrot":23,"minecraft:nether_brick_slab":2,"minecraft:granite":8,"minecraft:stone_brick_slab":1,"minecraft:wooden_axe":4,"minecraft:iron_axe":228,"minecraft:item_frame":1,"minecraft:bow":2,"minecraft:sweet_berries":3,"minecraft:oak_sapling":8,"minecraft:furnace":2,"ars_nouveau:sourceberry_bush":4,"spartanweaponry:iron_battle_hammer":75,"minecraft:cooked_beef":21,"minecraft:cooked_mutton":8,"minecraft:water_bucket":2,"epicfight:skillbook":4,"minecraft:baked_potato":3,"minecraft:oak_planks":196,"minecraft:stone_pickaxe":33,"minecraft:wooden_pickaxe":19,"minecraft:birch_boat":3,"minecraft:ender_pearl":1,"spartanweaponry:iron_boomerang":2,"minecraft:cookie":1,"minecraft:cracked_stone_bricks":1,"minecraft:golden_apple":2,"minecraft:white_wool":2,"minecraft:crafting_table":9,"useless_sword:valhalla_sword":3,"minecraft:white_bed":12,"useless_sword:wooden_cactus_sword":2,"minecraft:smoker":9,"alexsmobs:flying_fish":2,"waystones:waystone":1,"minecraft:apple":9,"minecraft:iron_pickaxe":230,"minecraft:bread":51,"minecraft:map":1,"minecraft:stone_axe":28,"minecraft:polished_andesite_slab":1,"minecraft:potion":1,"minecraft:cobblestone":177,"minecraft:bucket":2,"minecraft:dandelion":1,"minecraft:oak_boat":5},"minecraft:picked_up":{"minecraft:iron_chestplate":1,"minecraft:crafting_table":6,"travelersbackpack:hay":2,"minecraft:chainmail_boots":3,"minecraft:chicken":11,"minecraft:leather_leggings":3,"irons_spellbooks:tarnished_helmet":1,"minecraft:oak_stairs":1,"minecraft:stone_brick_wall":2,"minecraft:brewing_stand":1,"minecraft:shield":1,"minecraft:string":5,"minecraft:red_nether_bricks":13,"minecraft:item_frame":1,"minecraft:cracked_stone_bricks":6,"minecraft:cobbled_deepslate":16,"minecraft:spruce_planks":1,"minecraft:beef":35,"minecraft:oak_boat":3,"minecraft:calcite":1,"minecraft:light_gray_wool":2,"minecraft:coal_block":5,"minecraft:furnace":7,"minecraft:tipped_arrow":1,"minecraft:stick":10,"minecraft:torch":5,"epicfight:skillbook":1,"minecraft:porkchop":46,"minecraft:cookie":1,"minecraft:carrot":96,"minecraft:orange_bed":2,"minecraft:arrow":17,"minecraft:rotten_flesh":10,"minecraft:nether_bricks":14,"minecraft:hay_block":6,"minecraft:red_tulip":2,"ars_nouveau:sourceberry_bush":2,"minecraft:mutton":18,"minecraft:white_wool":9,"minecraft:iron_bars":18,"alexsmobs:flying_fish":2,"minecraft:cobblestone":311,"minecraft:birch_log":4,"minecraft:mossy_cobblestone_slab":1,"minecraft:magma_block":1,"useless_sword:valhalla_sword":1,"minecraft:feather":12,"minecraft:cooked_beef":1,"minecraft:andesite":3,"minecraft:leather":21,"minecraft:golden_leggings":2,"minecraft:smoker":11,"minecraft:potato":51,"minecraft:oak_log":71,"iceandfire:ectoplasm":2,"minecraft:gunpowder":2,"minecraft:mangrove_slab":1,"minecraft:dirt":1,"minecraft:lantern":2,"minecraft:bone":32,"minecraft:apple":2,"minecraft:stone_bricks":2,"minecraft:bow":2,"minecraft:wheat_seeds":1,"minecraft:iron_ingot":30,"minecraft:cooked_chicken":2,"minecraft:mossy_stone_bricks":2,"spartanweaponry:iron_dagger":1,"minecraft:polished_andesite_slab":1,"minecraft:oak_planks":5,"minecraft:soul_sand":1,"irons_spellbooks:frozen_bone":7,"minecraft:cooked_porkchop":18,"minecraft:birch_boat":3,"minecraft:sweet_berries":10,"minecraft:chiseled_stone_bricks":1,"minecraft:stone_brick_slab":1,"minecraft:dandelion":1,"minecraft:poisonous_potato":1,"minecraft:sand":1,"minecraft:nether_brick_stairs":1,"minecraft:blast_furnace":3,"minecraft:white_bed":15,"minecraft:nether_brick_slab":4,"minecraft:spider_eye":1,"minecraft:mossy_cobblestone":4,"minecraft:stone_axe":1,"waystones:waystone":2,"minecraft:chainmail_leggings":2,"minecraft:iron_helmet":1,"minecraft:granite":9,"minecraft:gray_wool":1,"minecraft:emerald":4,"minecraft:bread":24,"alexsmobs:maggot":1,"minecraft:oak_sapling":21,"minecraft:netherrack":1,"minecraft:coal":217,"iceandfire:raw_silver":1},"minecraft:dropped":{"minecraft:nether_brick_stairs":1,"minecraft:wheat_seeds":1,"iceandfire:raw_silver":1,"minecraft:birch_planks":3,"minecraft:mossy_cobblestone":3,"minecraft:poisonous_potato":1,"minecraft:iron_helmet":2,"minecraft:feather":12,"minecraft:cobblestone":7,"minecraft:lantern":2,"minecraft:leather":7,"iceandfire:ectoplasm":2,"minecraft:cracked_stone_bricks":4,"irons_spellbooks:tarnished_helmet":1,"minecraft:stick":2,"ars_nouveau:worn_notebook":1,"minecraft:gray_wool":1,"useless_sword:valhalla_sword":1,"minecraft:mossy_cobblestone_slab":1,"useless_sword:wooden_cactus_sword":1,"minecraft:iron_leggings":1,"minecraft:oak_stairs":1,"minecraft:sand":1,"minecraft:iron_axe":1,"minecraft:glistering_melon_slice":3,"spartanweaponry:iron_dagger":1,"minecraft:chainmail_leggings":2,"minecraft:string":5,"irons_spellbooks:frozen_bone":7,"minecraft:white_wool":5,"minecraft:mangrove_slab":1,"minecraft:gold_ingot":10,"minecraft:bone":30,"minecraft:nether_brick_slab":2,"minecraft:stone_axe":1,"minecraft:sweet_berries":7,"alexsmobs:maggot":1,"alexsmobs:animal_dictionary":1,"spartanweaponry:iron_halberd":1,"minecraft:light_gray_wool":2,"minecraft:rotten_flesh":7,"minecraft:oak_planks":6,"minecraft:iron_boots":1,"minecraft:white_bed":3,"minecraft:nether_bricks":1,"iceandfire:sapphire_gem":1,"minecraft:tipped_arrow":1,"minecraft:gunpowder":2,"minecraft:mossy_stone_bricks":1,"minecraft:stone_brick_wall":2,"minecraft:golden_leggings":1,"minecraft:oak_sapling":13,"minecraft:chainmail_boots":2,"minecraft:leather_leggings":3,"minecraft:spider_eye":1,"minecraft:stone_bricks":2,"minecraft:birch_boat":1,"minecraft:red_nether_bricks":13,"minecraft:iron_bars":8,"minecraft:bow":2,"minecraft:arrow":16,"minecraft:red_tulip":2,"minecraft:calcite":1,"minecraft:magma_block":1,"minecraft:netherrack":1},"minecraft:crafted":{"minecraft:oak_planks":236,"minecraft:birch_boat":1,"minecraft:cooked_chicken":8,"minecraft:cooked_mutton":13,"minecraft:iron_boots":1,"minecraft:iron_axe":2,"minecraft:stone_pickaxe":1,"minecraft:smoker":3,"minecraft:cooked_beef":29,"minecraft:cooked_porkchop":24,"minecraft:crafting_table":5,"minecraft:wooden_pickaxe":1,"minecraft:iron_helmet":2,"minecraft:iron_sword":1,"minecraft:birch_planks":12,"minecraft:stone_axe":1,"minecraft:air":0,"minecraft:oak_boat":3,"minecraft:iron_chestplate":3,"minecraft:shield":1,"minecraft:stick":24,"minecraft:iron_ingot":16,"minecraft:iron_pickaxe":1,"minecraft:wooden_axe":1,"minecraft:iron_leggings":1,"minecraft:torch":76},"minecraft:custom":{"minecraft:mob_kills":126,"minecraft:interact_with_crafting_table":18,"minecraft:open_barrel":11,"minecraft:eat_cake_slice":2,"minecraft:leave_game":9,"minecraft:time_since_death":7056,"minecraft:climb_one_cm":12533,"minecraft:sprint_one_cm":2207903,"minecraft:walk_one_cm":1100585,"minecraft:damage_blocked_by_shield":3285,"minecraft:drop":128,"minecraft:talked_to_villager":4,"minecraft:play_time":215283,"minecraft:deaths":7,"minecraft:sneak_time":4448,"minecraft:walk_under_water_one_cm":15021,"minecraft:boat_one_cm":578661,"minecraft:jump":3514,"minecraft:walk_on_water_one_cm":22594,"minecraft:total_world_time":215283,"minecraft:interact_with_furnace":32,"spartanshields:shield_bash_hits":1,"minecraft:interact_with_cartography_table":2,"minecraft:sleep_in_bed":9,"minecraft:time_since_rest":7078,"minecraft:waystone_activated":1,"minecraft:damage_absorbed":40,"minecraft:damage_taken":7768,"minecraft:trigger_trapped_chest":3,"minecraft:damage_dealt":16640,"minecraft:swim_one_cm":71352,"minecraft:fly_one_cm":1276098,"minecraft:crouch_one_cm":20039,"minecraft:open_chest":95,"minecraft:interact_with_smoker":49,"minecraft:fall_one_cm":113285}},"DataVersion":3465}