{"stats":{"minecraft:killed":{"minecraft:zombie_villager":1,"minecraft:spider":3,"minecraft:creeper":1,"minecraft:sheep":2,"minecraft:zombie":3,"minecraft:chicken":4,"alexsmobs:flying_fish":1,"minecraft:cow":3,"minecraft:enderman":1},"minecraft:dropped":{"minecraft:stone_axe":1,"alexsmobs:animal_dictionary":1,"minecraft:feather":5,"minecraft:leather":5,"ars_nouveau:worn_notebook":1,"minecraft:gunpowder":2,"minecraft:red_tulip":2},"minecraft:custom":{"minecraft:interact_with_furnace":18,"minecraft:mob_kills":20,"minecraft:interact_with_crafting_table":8,"minecraft:time_since_death":6646,"minecraft:time_since_rest":6675,"minecraft:sprint_one_cm":272713,"minecraft:damage_taken":818,"minecraft:walk_one_cm":163034,"minecraft:drop":12,"minecraft:damage_dealt":2318,"minecraft:swim_one_cm":20468,"minecraft:fly_one_cm":144910,"minecraft:open_chest":1,"minecraft:crouch_one_cm":3865,"minecraft:play_time":29989,"minecraft:deaths":2,"minecraft:sneak_time":991,"minecraft:walk_under_water_one_cm":6206,"minecraft:boat_one_cm":58133,"minecraft:jump":449,"minecraft:walk_on_water_one_cm":9054,"minecraft:total_world_time":29989,"minecraft:fall_one_cm":13303},"minecraft:crafted":{"minecraft:cooked_beef":2,"minecraft:oak_planks":36,"minecraft:crafting_table":2,"minecraft:wooden_pickaxe":1,"minecraft:iron_helmet":1,"minecraft:cooked_chicken":3,"minecraft:stone_axe":1,"minecraft:air":0,"minecraft:oak_boat":1,"minecraft:iron_chestplate":1,"minecraft:iron_boots":1,"minecraft:iron_axe":1,"minecraft:stick":12,"minecraft:iron_pickaxe":1,"minecraft:stone_pickaxe":1,"minecraft:wooden_axe":1,"minecraft:iron_leggings":1},"minecraft:picked_up":{"minecraft:crafting_table":4,"minecraft:feather":5,"minecraft:cooked_beef":1,"minecraft:chicken":4,"minecraft:leather":5,"minecraft:oak_log":13,"minecraft:gunpowder":2,"minecraft:cobbled_deepslate":16,"minecraft:beef":5,"minecraft:iron_ingot":30,"minecraft:oak_boat":1,"minecraft:furnace":3,"minecraft:torch":2,"minecraft:white_bed":1,"minecraft:rotten_flesh":3,"minecraft:stone_axe":1,"minecraft:red_tulip":2,"minecraft:oak_sapling":5,"minecraft:mutton":2,"alexsmobs:flying_fish":2,"minecraft:white_wool":2,"minecraft:cobblestone":131},"minecraft:used":{"minecraft:stone_pickaxe":33,"minecraft:wooden_pickaxe":19,"minecraft:cooked_chicken":1,"minecraft:rotten_flesh":3,"minecraft:torch":2,"minecraft:crafting_table":4,"alexsmobs:flying_fish":2,"minecraft:wooden_axe":4,"minecraft:iron_axe":16,"minecraft:iron_pickaxe":1,"minecraft:stone_axe":28,"minecraft:cobblestone":4,"minecraft:furnace":2,"minecraft:oak_sapling":5,"minecraft:oak_boat":1,"minecraft:cooked_beef":3},"minecraft:mined":{"minecraft:white_bed":1,"minecraft:crafting_table":4,"minecraft:torch":1,"minecraft:furnace":3,"minecraft:oak_log":13,"minecraft:stone":34,"minecraft:oak_leaves":2,"minecraft:deepslate":16}},"DataVersion":3465}