{"stats":{"minecraft:used":{"epicfight:skillbook":3,"minecraft:stone_pickaxe":33,"minecraft:oak_planks":19,"minecraft:wooden_pickaxe":19,"minecraft:shield":9,"minecraft:cooked_chicken":4,"minecraft:rotten_flesh":3,"minecraft:cookie":1,"minecraft:torch":13,"minecraft:white_wool":2,"minecraft:crafting_table":6,"minecraft:carrot":3,"minecraft:nether_brick_slab":2,"minecraft:white_bed":1,"alexsmobs:flying_fish":2,"minecraft:wooden_axe":4,"minecraft:iron_axe":88,"minecraft:bread":6,"minecraft:iron_pickaxe":25,"minecraft:item_frame":1,"minecraft:stone_axe":28,"minecraft:cobblestone":85,"minecraft:furnace":2,"minecraft:oak_sapling":5,"minecraft:dandelion":1,"minecraft:oak_boat":2,"minecraft:cooked_beef":6},"minecraft:dropped":{"minecraft:stone_axe":1,"alexsmobs:maggot":1,"alexsmobs:animal_dictionary":1,"minecraft:feather":5,"minecraft:rotten_flesh":1,"minecraft:oak_planks":1,"minecraft:leather":5,"minecraft:white_bed":1,"ars_nouveau:worn_notebook":1,"minecraft:gunpowder":2,"minecraft:oak_stairs":1,"minecraft:red_nether_bricks":13,"minecraft:arrow":5,"minecraft:glistering_melon_slice":3,"minecraft:red_tulip":2,"minecraft:calcite":1,"minecraft:string":2,"minecraft:mangrove_slab":1,"minecraft:bone":5},"minecraft:picked_up":{"minecraft:crafting_table":5,"minecraft:feather":5,"minecraft:cooked_beef":1,"minecraft:chicken":4,"minecraft:leather":5,"minecraft:oak_stairs":1,"minecraft:oak_log":24,"minecraft:gunpowder":2,"minecraft:string":2,"minecraft:mangrove_slab":1,"minecraft:red_nether_bricks":13,"minecraft:item_frame":1,"minecraft:bone":5,"minecraft:cobbled_deepslate":16,"minecraft:iron_ingot":30,"minecraft:beef":5,"minecraft:calcite":1,"minecraft:oak_boat":1,"minecraft:oak_planks":1,"minecraft:furnace":5,"minecraft:torch":4,"minecraft:dandelion":1,"minecraft:cookie":1,"minecraft:carrot":8,"minecraft:nether_brick_slab":2,"minecraft:white_bed":3,"minecraft:arrow":5,"minecraft:rotten_flesh":4,"minecraft:stone_axe":1,"minecraft:red_tulip":2,"minecraft:iron_bars":2,"alexsmobs:maggot":1,"minecraft:coal":14,"minecraft:oak_sapling":5,"minecraft:mutton":2,"alexsmobs:flying_fish":2,"minecraft:white_wool":2,"minecraft:cobblestone":237},"minecraft:mined":{"minecraft:white_bed":3,"minecraft:red_nether_bricks":11,"minecraft:dandelion":1,"minecraft:grass_block":1,"minecraft:crafting_table":5,"minecraft:torch":1,"minecraft:calcite":1,"minecraft:nether_brick_slab":2,"minecraft:oak_planks":2,"minecraft:spawner":3,"minecraft:furnace":5,"minecraft:carrots":2,"minecraft:fire":6,"minecraft:mangrove_slab":1,"minecraft:oak_log":26,"minecraft:coal_ore":1,"minecraft:vine":3,"minecraft:iron_bars":2,"minecraft:dirt":2,"minecraft:stone":34,"minecraft:oak_leaves":2,"minecraft:deepslate":16},"minecraft:custom":{"minecraft:interact_with_furnace":32,"spartanshields:shield_bash_hits":1,"minecraft:mob_kills":33,"minecraft:interact_with_crafting_table":11,"minecraft:interact_with_cartography_table":1,"minecraft:open_barrel":9,"minecraft:eat_cake_slice":2,"minecraft:leave_game":2,"minecraft:time_since_death":20803,"minecraft:sleep_in_bed":1,"minecraft:climb_one_cm":600,"minecraft:time_since_rest":14189,"minecraft:sprint_one_cm":455832,"minecraft:damage_taken":1792,"minecraft:walk_one_cm":327175,"minecraft:damage_blocked_by_shield":735,"minecraft:trigger_trapped_chest":2,"minecraft:drop":27,"minecraft:damage_dealt":5029,"minecraft:swim_one_cm":21689,"minecraft:fly_one_cm":253305,"minecraft:open_chest":4,"minecraft:crouch_one_cm":12051,"minecraft:play_time":52394,"minecraft:deaths":3,"minecraft:sneak_time":2723,"minecraft:walk_under_water_one_cm":6371,"minecraft:boat_one_cm":109973,"minecraft:jump":796,"minecraft:walk_on_water_one_cm":10221,"minecraft:total_world_time":52394,"minecraft:fall_one_cm":22490},"minecraft:crafted":{"minecraft:cooked_beef":5,"minecraft:oak_planks":96,"minecraft:crafting_table":3,"minecraft:iron_sword":1,"minecraft:wooden_pickaxe":1,"minecraft:iron_helmet":1,"minecraft:cooked_chicken":4,"minecraft:stone_axe":1,"minecraft:air":0,"minecraft:oak_boat":2,"minecraft:iron_boots":1,"minecraft:iron_chestplate":1,"minecraft:shield":1,"minecraft:iron_axe":2,"minecraft:stick":24,"minecraft:iron_ingot":16,"minecraft:iron_pickaxe":1,"minecraft:stone_pickaxe":1,"minecraft:wooden_axe":1,"minecraft:iron_leggings":1,"minecraft:torch":32},"minecraft:killed":{"minecraft:husk":1,"minecraft:zombie_villager":1,"minecraft:spider":5,"minecraft:creeper":1,"minecraft:sheep":2,"minecraft:skeleton":6,"minecraft:zombie":4,"iceandfire:ghost":2,"minecraft:chicken":4,"alexsmobs:flying_fish":1,"minecraft:cow":3,"minecraft:enderman":1}},"DataVersion":3465}