{"stats":{"minecraft:used":{"minecraft:stone_pickaxe":33,"minecraft:oak_planks":19,"minecraft:wooden_pickaxe":19,"minecraft:shield":6,"minecraft:cooked_chicken":2,"minecraft:rotten_flesh":3,"minecraft:cookie":1,"minecraft:torch":3,"minecraft:white_wool":2,"minecraft:crafting_table":5,"minecraft:nether_brick_slab":2,"minecraft:white_bed":1,"alexsmobs:flying_fish":2,"minecraft:wooden_axe":4,"minecraft:iron_axe":46,"minecraft:bread":1,"minecraft:iron_pickaxe":5,"minecraft:item_frame":1,"minecraft:stone_axe":28,"minecraft:cobblestone":4,"minecraft:furnace":2,"minecraft:oak_sapling":5,"minecraft:oak_boat":2,"minecraft:cooked_beef":6},"minecraft:dropped":{"minecraft:stone_axe":1,"alexsmobs:maggot":1,"alexsmobs:animal_dictionary":1,"minecraft:feather":5,"minecraft:rotten_flesh":1,"minecraft:oak_planks":1,"minecraft:leather":5,"ars_nouveau:worn_notebook":1,"minecraft:gunpowder":2,"minecraft:oak_stairs":1,"minecraft:red_tulip":2,"minecraft:bone":2},"minecraft:picked_up":{"minecraft:crafting_table":4,"minecraft:feather":5,"minecraft:cooked_beef":1,"minecraft:chicken":4,"minecraft:leather":5,"minecraft:oak_stairs":1,"minecraft:oak_log":24,"minecraft:gunpowder":2,"minecraft:item_frame":1,"minecraft:bone":2,"minecraft:cobbled_deepslate":16,"minecraft:iron_ingot":30,"minecraft:beef":5,"minecraft:oak_boat":1,"minecraft:oak_planks":1,"minecraft:furnace":3,"minecraft:torch":4,"minecraft:cookie":1,"minecraft:nether_brick_slab":2,"minecraft:white_bed":1,"minecraft:rotten_flesh":4,"minecraft:stone_axe":1,"minecraft:red_tulip":2,"alexsmobs:maggot":1,"minecraft:oak_sapling":5,"minecraft:mutton":2,"alexsmobs:flying_fish":2,"minecraft:white_wool":2,"minecraft:cobblestone":237},"minecraft:mined":{"minecraft:white_bed":1,"minecraft:crafting_table":4,"minecraft:torch":1,"minecraft:nether_brick_slab":2,"minecraft:oak_planks":2,"minecraft:spawner":1,"minecraft:furnace":3,"minecraft:fire":4,"minecraft:coal_ore":1,"minecraft:oak_log":26,"minecraft:stone":34,"minecraft:oak_leaves":2,"minecraft:deepslate":16},"minecraft:custom":{"minecraft:interact_with_furnace":25,"spartanshields:shield_bash_hits":1,"minecraft:mob_kills":26,"minecraft:interact_with_crafting_table":10,"minecraft:interact_with_cartography_table":1,"minecraft:open_barrel":9,"minecraft:eat_cake_slice":2,"minecraft:leave_game":2,"minecraft:time_since_death":12577,"minecraft:sleep_in_bed":1,"minecraft:climb_one_cm":600,"minecraft:time_since_rest":5963,"minecraft:sprint_one_cm":390409,"minecraft:damage_taken":1532,"minecraft:walk_one_cm":256164,"minecraft:damage_blocked_by_shield":555,"minecraft:drop":18,"minecraft:damage_dealt":3243,"minecraft:swim_one_cm":20966,"minecraft:fly_one_cm":191744,"minecraft:open_chest":2,"minecraft:crouch_one_cm":5693,"minecraft:play_time":44168,"minecraft:deaths":3,"minecraft:sneak_time":1269,"minecraft:walk_under_water_one_cm":6263,"minecraft:boat_one_cm":109973,"minecraft:jump":579,"minecraft:walk_on_water_one_cm":9422,"minecraft:total_world_time":44168,"minecraft:fall_one_cm":17810},"minecraft:crafted":{"minecraft:cooked_beef":5,"minecraft:oak_planks":96,"minecraft:crafting_table":3,"minecraft:wooden_pickaxe":1,"minecraft:iron_helmet":1,"minecraft:cooked_chicken":4,"minecraft:stone_axe":1,"minecraft:air":0,"minecraft:oak_boat":2,"minecraft:iron_boots":1,"minecraft:iron_chestplate":1,"minecraft:shield":1,"minecraft:iron_axe":1,"minecraft:stick":12,"minecraft:iron_ingot":16,"minecraft:iron_pickaxe":1,"minecraft:stone_pickaxe":1,"minecraft:wooden_axe":1,"minecraft:iron_leggings":1},"minecraft:killed":{"minecraft:husk":1,"minecraft:zombie_villager":1,"minecraft:spider":5,"minecraft:creeper":1,"minecraft:sheep":2,"minecraft:skeleton":1,"minecraft:zombie":4,"minecraft:chicken":4,"alexsmobs:flying_fish":1,"minecraft:cow":3,"minecraft:enderman":1}},"DataVersion":3465}