{"stats":{"minecraft:used":{"minecraft:iron_bars":5,"minecraft:shield":11,"minecraft:iron_sword":51,"minecraft:cooked_chicken":4,"minecraft:rotten_flesh":3,"minecraft:torch":44,"minecraft:soul_sand":1,"travelersbackpack:hay":1,"minecraft:nether_bricks":8,"minecraft:carrot":19,"minecraft:nether_brick_slab":2,"minecraft:granite":8,"minecraft:stone_brick_slab":1,"minecraft:wooden_axe":4,"minecraft:iron_axe":94,"minecraft:item_frame":1,"minecraft:oak_sapling":5,"minecraft:furnace":2,"minecraft:cooked_beef":9,"epicfight:skillbook":3,"minecraft:stone_pickaxe":33,"minecraft:oak_planks":19,"minecraft:ender_pearl":1,"minecraft:wooden_pickaxe":19,"minecraft:cracked_stone_bricks":1,"minecraft:golden_apple":2,"minecraft:cookie":1,"minecraft:white_wool":2,"minecraft:crafting_table":6,"minecraft:white_bed":6,"alexsmobs:flying_fish":2,"minecraft:bread":6,"minecraft:iron_pickaxe":142,"minecraft:stone_axe":28,"minecraft:cobblestone":115,"minecraft:potion":1,"minecraft:oak_boat":2,"minecraft:dandelion":1},"minecraft:dropped":{"minecraft:mossy_cobblestone":3,"minecraft:feather":5,"minecraft:leather":5,"minecraft:cracked_stone_bricks":4,"irons_spellbooks:tarnished_helmet":1,"ars_nouveau:worn_notebook":1,"minecraft:mossy_cobblestone_slab":1,"minecraft:oak_stairs":1,"minecraft:glistering_melon_slice":3,"minecraft:chainmail_leggings":2,"minecraft:string":5,"irons_spellbooks:frozen_bone":4,"minecraft:mangrove_slab":1,"minecraft:gold_ingot":10,"minecraft:bone":17,"minecraft:stone_axe":1,"alexsmobs:maggot":1,"alexsmobs:animal_dictionary":1,"minecraft:rotten_flesh":1,"minecraft:oak_planks":1,"minecraft:iron_boots":1,"minecraft:white_bed":3,"minecraft:gunpowder":2,"minecraft:golden_leggings":1,"minecraft:leather_leggings":3,"minecraft:spider_eye":1,"minecraft:stone_bricks":2,"minecraft:bow":2,"minecraft:red_nether_bricks":13,"minecraft:iron_bars":2,"minecraft:arrow":9,"minecraft:red_tulip":2,"minecraft:calcite":1},"minecraft:picked_up":{"minecraft:iron_chestplate":1,"minecraft:crafting_table":5,"travelersbackpack:hay":1,"minecraft:chainmail_boots":1,"minecraft:chicken":4,"minecraft:leather_leggings":3,"irons_spellbooks:tarnished_helmet":1,"minecraft:oak_stairs":1,"minecraft:shield":1,"minecraft:string":5,"minecraft:red_nether_bricks":13,"minecraft:item_frame":1,"minecraft:cracked_stone_bricks":6,"minecraft:cobbled_deepslate":16,"minecraft:beef":5,"minecraft:oak_boat":1,"minecraft:calcite":1,"minecraft:furnace":5,"minecraft:torch":4,"minecraft:cookie":1,"minecraft:carrot":8,"minecraft:arrow":10,"minecraft:rotten_flesh":7,"minecraft:nether_bricks":12,"minecraft:red_tulip":2,"minecraft:mutton":2,"minecraft:iron_bars":14,"minecraft:white_wool":2,"alexsmobs:flying_fish":2,"minecraft:cobblestone":281,"minecraft:magma_block":1,"minecraft:cooked_beef":1,"minecraft:mossy_cobblestone_slab":1,"minecraft:feather":5,"minecraft:andesite":3,"minecraft:leather":5,"minecraft:golden_leggings":2,"minecraft:oak_log":24,"minecraft:gunpowder":2,"minecraft:mangrove_slab":1,"minecraft:bone":23,"minecraft:stone_bricks":2,"minecraft:bow":2,"minecraft:iron_ingot":30,"minecraft:mossy_stone_bricks":1,"minecraft:oak_planks":3,"minecraft:soul_sand":1,"irons_spellbooks:frozen_bone":5,"minecraft:chiseled_stone_bricks":1,"minecraft:stone_brick_slab":1,"minecraft:dandelion":1,"minecraft:white_bed":9,"minecraft:nether_brick_slab":2,"minecraft:spider_eye":1,"minecraft:mossy_cobblestone":4,"minecraft:stone_axe":1,"minecraft:chainmail_leggings":2,"minecraft:iron_helmet":1,"minecraft:granite":9,"alexsmobs:maggot":1,"minecraft:netherrack":1,"minecraft:oak_sapling":5,"minecraft:coal":14},"minecraft:custom":{"minecraft:mob_kills":50,"minecraft:interact_with_crafting_table":11,"minecraft:open_barrel":9,"minecraft:eat_cake_slice":2,"minecraft:leave_game":2,"minecraft:time_since_death":38803,"minecraft:climb_one_cm":1787,"minecraft:sprint_one_cm":613767,"minecraft:walk_one_cm":495766,"minecraft:damage_blocked_by_shield":795,"minecraft:drop":57,"minecraft:play_time":70394,"minecraft:deaths":3,"minecraft:sneak_time":3081,"minecraft:walk_under_water_one_cm":6371,"minecraft:boat_one_cm":109973,"minecraft:jump":832,"minecraft:walk_on_water_one_cm":10221,"minecraft:total_world_time":70394,"minecraft:interact_with_furnace":32,"spartanshields:shield_bash_hits":1,"minecraft:interact_with_cartography_table":1,"minecraft:sleep_in_bed":2,"minecraft:time_since_rest":15944,"minecraft:damage_taken":2695,"minecraft:damage_absorbed":40,"minecraft:trigger_trapped_chest":2,"minecraft:damage_dealt":7182,"minecraft:swim_one_cm":21689,"minecraft:fly_one_cm":263366,"minecraft:open_chest":32,"minecraft:crouch_one_cm":13648,"minecraft:fall_one_cm":23239},"minecraft:mined":{"minecraft:white_bed":7,"minecraft:mossy_cobblestone":4,"minecraft:red_nether_bricks":11,"minecraft:nether_bricks":13,"minecraft:granite":9,"minecraft:grass_block":1,"minecraft:chiseled_stone_bricks":1,"minecraft:spawner":16,"minecraft:magma_block":1,"minecraft:mossy_cobblestone_slab":1,"minecraft:furnace":5,"minecraft:carrots":2,"minecraft:fire":6,"minecraft:bookshelf":1,"minecraft:vine":6,"minecraft:iron_bars":12,"minecraft:stone":76,"minecraft:soul_sand":1,"minecraft:stone_brick_slab":2,"minecraft:dandelion":1,"minecraft:crafting_table":5,"minecraft:torch":1,"minecraft:calcite":1,"minecraft:nether_brick_slab":2,"minecraft:cobblestone":4,"minecraft:oak_planks":4,"minecraft:mangrove_slab":1,"minecraft:coal_ore":1,"minecraft:oak_log":26,"minecraft:dirt":2,"minecraft:cracked_stone_bricks":6,"minecraft:stone_bricks":2,"minecraft:netherrack":1,"minecraft:mossy_stone_bricks":2,"minecraft:deepslate":16,"minecraft:oak_leaves":2},"minecraft:crafted":{"minecraft:oak_planks":96,"minecraft:cooked_chicken":4,"minecraft:iron_boots":1,"minecraft:iron_axe":2,"minecraft:stone_pickaxe":1,"minecraft:cooked_beef":5,"minecraft:crafting_table":3,"minecraft:wooden_pickaxe":1,"minecraft:iron_helmet":1,"minecraft:iron_sword":1,"minecraft:stone_axe":1,"minecraft:air":0,"minecraft:oak_boat":2,"minecraft:iron_chestplate":1,"minecraft:shield":1,"minecraft:stick":24,"minecraft:iron_ingot":16,"minecraft:iron_pickaxe":1,"minecraft:wooden_axe":1,"minecraft:iron_leggings":1,"minecraft:torch":32},"minecraft:killed":{"minecraft:cave_spider":1,"minecraft:spider":9,"minecraft:skeleton":13,"minecraft:chicken":4,"minecraft:silverfish":1,"alexsmobs:flying_fish":1,"minecraft:husk":1,"minecraft:zombie_villager":1,"irons_spellbooks:necromancer":1,"minecraft:creeper":1,"minecraft:sheep":2,"minecraft:zombie":6,"iceandfire:ghost":2,"minecraft:enderman":1,"minecraft:cow":3}},"DataVersion":3465}