{"stats":{"minecraft:used":{"minecraft:water_bucket":2,"minecraft:mossy_stone_bricks":23,"epicfight:skillbook":3,"minecraft:iron_bars":1,"minecraft:stone_pickaxe":101,"minecraft:oak_planks":2,"minecraft:shield":19,"minecraft:chest":2,"minecraft:wooden_pickaxe":7,"minecraft:mossy_stone_brick_slab":1,"minecraft:cooked_chicken":4,"minecraft:cracked_stone_bricks":16,"minecraft:mossy_cobblestone":2,"minecraft:mutton":1,"minecraft:dirt":35,"minecraft:blast_furnace":5,"minecraft:crafting_table":7,"minecraft:brick_slab":1,"minecraft:jungle_planks":5,"minecraft:crossbow":12,"minecraft:white_bed":1,"minecraft:spruce_fence":1,"minecraft:smoker":3,"minecraft:stone_brick_slab":1,"minecraft:apple":6,"minecraft:bricks":1,"minecraft:iron_axe":18,"minecraft:bread":12,"minecraft:iron_pickaxe":135,"minecraft:stone_bricks":55,"minecraft:stone_axe":73,"minecraft:potion":1,"minecraft:cobblestone":32,"minecraft:beef":1,"minecraft:bucket":4,"minecraft:yellow_bed":1,"minecraft:oak_boat":1,"minecraft:cooked_beef":2},"minecraft:dropped":{"minecraft:wheat_seeds":1,"minecraft:glass_bottle":1,"minecraft:cracked_stone_bricks":1,"minecraft:red_carpet":2,"minecraft:orange_carpet":4,"minecraft:mossy_stone_bricks":1,"minecraft:stone_pickaxe":1},"minecraft:picked_up":{"minecraft:stripped_oak_log":2,"minecraft:crafting_table":7,"minecraft:nether_wart":29,"minecraft:orange_carpet":4,"minecraft:leather":2,"minecraft:smoker":3,"minecraft:oak_log":8,"minecraft:brewing_stand":2,"minecraft:yellow_bed":1,"minecraft:dirt":37,"minecraft:iron_axe":1,"minecraft:red_carpet":2,"minecraft:apple":1,"minecraft:stone_bricks":62,"minecraft:cracked_stone_bricks":18,"minecraft:wheat_seeds":1,"minecraft:mossy_cobblestone_wall":1,"minecraft:beef":3,"minecraft:oak_boat":1,"minecraft:mossy_stone_bricks":25,"minecraft:coal_block":19,"minecraft:sugar_cane":9,"minecraft:soul_sand":10,"minecraft:jukebox":1,"minecraft:stone_brick_slab":1,"minecraft:torch":1,"minecraft:spruce_fence":1,"epicfight:skillbook":3,"minecraft:jungle_planks":5,"minecraft:blast_furnace":5,"minecraft:white_bed":1,"minecraft:mossy_stone_brick_slab":1,"minecraft:mossy_cobblestone":2,"minecraft:brick_slab":1,"minecraft:hay_block":38,"minecraft:crossbow":1,"minecraft:emerald":5,"minecraft:bricks":1,"minecraft:iron_bars":1,"minecraft:mutton":3,"minecraft:coal":22,"minecraft:white_wool":3,"minecraft:cobblestone":46},"minecraft:killed_by":{"minecraft:zombie":1},"minecraft:mined":{"minecraft:red_carpet":1,"minecraft:white_bed":1,"minecraft:soul_sand":10,"minecraft:mossy_cobblestone":2,"minecraft:mossy_stone_brick_slab":1,"minecraft:smoker":3,"minecraft:stone_brick_slab":1,"minecraft:brewing_stand":2,"minecraft:crafting_table":7,"biomesoplenty:bush":1,"minecraft:blast_furnace":5,"minecraft:spruce_fence":1,"minecraft:mossy_cobblestone_wall":1,"minecraft:grass_block":31,"minecraft:jungle_planks":5,"minecraft:coal_block":19,"minecraft:cobblestone":17,"minecraft:sugar_cane":3,"minecraft:bricks":1,"minecraft:nether_wart":10,"minecraft:orange_carpet":1,"minecraft:hay_block":38,"minecraft:brick_slab":1,"minecraft:jukebox":1,"minecraft:yellow_bed":1,"minecraft:grass":4,"minecraft:oak_log":8,"minecraft:coal_ore":22,"minecraft:dirt_path":5,"minecraft:iron_bars":1,"minecraft:dirt":3,"minecraft:stripped_oak_log":2,"minecraft:cracked_stone_bricks":23,"minecraft:stone":35,"minecraft:stone_bricks":64,"minecraft:mossy_stone_bricks":26,"minecraft:oak_leaves":2},"minecraft:custom":{"minecraft:interact_with_smithing_table":2,"minecraft:mob_kills":31,"minecraft:interact_with_crafting_table":17,"minecraft:open_barrel":1,"minecraft:eat_cake_slice":11,"minecraft:leave_game":1,"minecraft:time_since_death":29979,"minecraft:sleep_in_bed":2,"minecraft:climb_one_cm":2626,"minecraft:time_since_rest":2856,"minecraft:waystone_activated":1,"minecraft:sprint_one_cm":229014,"minecraft:damage_taken":2270,"minecraft:walk_one_cm":409712,"minecraft:damage_blocked_by_shield":1215,"minecraft:drop":10,"minecraft:damage_dealt":5262,"minecraft:swim_one_cm":2611,"minecraft:fly_one_cm":374660,"minecraft:open_chest":54,"minecraft:crouch_one_cm":28154,"minecraft:play_time":53554,"minecraft:deaths":3,"minecraft:sneak_time":3284,"minecraft:walk_under_water_one_cm":1508,"minecraft:boat_one_cm":87210,"minecraft:interact_with_brewingstand":1,"minecraft:jump":1060,"minecraft:interact_with_blast_furnace":1,"minecraft:walk_on_water_one_cm":859,"minecraft:interact_with_smoker":3,"minecraft:total_world_time":53554,"minecraft:fall_one_cm":33878},"minecraft:broken":{"minecraft:iron_axe":1,"minecraft:stone_axe":1},"minecraft:crafted":{"minecraft:oak_planks":40,"minecraft:crafting_table":1,"minecraft:wooden_pickaxe":1,"minecraft:furnace":1,"minecraft:bucket":2,"minecraft:stone_axe":1,"minecraft:bread":57,"minecraft:oak_boat":1,"minecraft:iron_chestplate":1,"minecraft:shield":1,"minecraft:stick":8,"minecraft:stone_pickaxe":1,"minecraft:chest":2,"minecraft:wheat":171},"minecraft:killed":{"minecraft:vindicator":12,"minecraft:sheep":3,"minecraft:pillager":13,"minecraft:cow":1}},"DataVersion":3465}