{"stats":{"minecraft:used":{"minecraft:iron_bars":1,"minecraft:spruce_slab":1,"minecraft:chest":2,"minecraft:spruce_planks":4,"minecraft:shield":19,"minecraft:iron_sword":19,"minecraft:mossy_stone_brick_slab":1,"minecraft:cooked_chicken":5,"minecraft:dirt":35,"minecraft:mutton":1,"minecraft:jungle_planks":5,"minecraft:brick_slab":1,"minecraft:spruce_fence":1,"minecraft:stone_brick_slab":1,"minecraft:bricks":1,"minecraft:iron_axe":18,"minecraft:stone_bricks":62,"minecraft:bow":8,"minecraft:beef":1,"minecraft:furnace":1,"minecraft:cooked_beef":8,"minecraft:cooked_mutton":2,"minecraft:water_bucket":42,"epicfight:skillbook":3,"minecraft:mossy_stone_bricks":23,"minecraft:end_stone_bricks":2,"minecraft:stone_pickaxe":101,"minecraft:oak_planks":11,"minecraft:wooden_pickaxe":7,"minecraft:cracked_stone_bricks":16,"minecraft:mossy_cobblestone":2,"minecraft:crafting_table":8,"minecraft:blast_furnace":5,"minecraft:crossbow":12,"minecraft:white_bed":1,"minecraft:smoker":3,"minecraft:apple":6,"minecraft:bread":19,"minecraft:iron_pickaxe":305,"minecraft:stone_axe":95,"minecraft:cobblestone":170,"minecraft:potion":1,"travelersbackpack:magma_cube":1,"minecraft:bucket":45,"minecraft:yellow_bed":1,"minecraft:oak_boat":1,"minecraft:splash_potion":1},"minecraft:dropped":{"minecraft:wheat_seeds":1,"minecraft:glass_bottle":1,"minecraft:cracked_stone_bricks":1,"minecraft:red_carpet":2,"minecraft:cobblestone_stairs":1,"minecraft:orange_carpet":4,"minecraft:wheat":4,"minecraft:clay_ball":3,"minecraft:allium":1,"minecraft:mossy_stone_bricks":1,"minecraft:spider_eye":2,"minecraft:stone_pickaxe":1},"minecraft:picked_up":{"minecraft:end_stone_bricks":2,"minecraft:crafting_table":8,"minecraft:wheat":2,"minecraft:allium":1,"minecraft:nether_wart":29,"minecraft:clay_ball":3,"minecraft:brewing_stand":2,"minecraft:string":1,"minecraft:iron_axe":1,"minecraft:cracked_stone_bricks":18,"minecraft:beef":7,"minecraft:spruce_planks":5,"minecraft:mossy_cobblestone_wall":1,"minecraft:oak_boat":1,"minecraft:spruce_slab":1,"minecraft:coal_block":19,"minecraft:sugar_cane":9,"minecraft:furnace":1,"minecraft:jukebox":1,"minecraft:torch":1,"minecraft:spruce_fence":1,"epicfight:skillbook":3,"minecraft:rotten_flesh":4,"minecraft:hay_block":38,"minecraft:mutton":3,"minecraft:iron_bars":1,"minecraft:cobblestone":188,"minecraft:white_wool":3,"minecraft:stripped_oak_log":2,"minecraft:orange_carpet":4,"minecraft:leather":5,"minecraft:smoker":3,"minecraft:oak_log":17,"minecraft:yellow_bed":1,"minecraft:cobblestone_stairs":1,"minecraft:dirt":37,"minecraft:red_carpet":2,"minecraft:apple":1,"minecraft:stone_bricks":62,"minecraft:wheat_seeds":1,"minecraft:mossy_stone_bricks":25,"minecraft:soul_sand":10,"minecraft:oak_planks":9,"minecraft:stone_brick_slab":1,"minecraft:dandelion":2,"minecraft:jungle_planks":5,"minecraft:sand":12,"minecraft:blast_furnace":5,"minecraft:white_bed":1,"minecraft:mossy_stone_brick_slab":1,"minecraft:spider_eye":2,"minecraft:mossy_cobblestone":2,"minecraft:brick_slab":1,"minecraft:crossbow":1,"minecraft:emerald":5,"minecraft:coal":22,"minecraft:bricks":1},"minecraft:killed_by":{"minecraft:zombie":1},"minecraft:mined":{"minecraft:red_carpet":1,"minecraft:spruce_planks":6,"minecraft:white_bed":1,"minecraft:mossy_cobblestone":2,"minecraft:mossy_stone_brick_slab":1,"minecraft:cobblestone_stairs":1,"minecraft:brewing_stand":2,"biomesoplenty:bush":1,"minecraft:grass_block":31,"minecraft:spruce_fence":1,"minecraft:jungle_planks":5,"minecraft:coal_block":19,"minecraft:nether_wart":10,"minecraft:spawner":3,"minecraft:hay_block":38,"minecraft:furnace":1,"minecraft:dirt_path":5,"minecraft:iron_bars":1,"minecraft:stripped_oak_log":2,"minecraft:end_stone_bricks":2,"minecraft:stone":164,"minecraft:spruce_slab":1,"minecraft:soul_sand":10,"minecraft:smoker":3,"minecraft:stone_brick_slab":1,"minecraft:dandelion":2,"minecraft:crafting_table":8,"minecraft:blast_furnace":5,"minecraft:mossy_cobblestone_wall":1,"minecraft:cobblestone":30,"minecraft:sugar_cane":3,"minecraft:oak_planks":9,"minecraft:bricks":1,"minecraft:orange_carpet":1,"minecraft:brick_slab":1,"minecraft:jukebox":1,"minecraft:yellow_bed":1,"minecraft:grass":5,"minecraft:oak_log":17,"minecraft:coal_ore":22,"minecraft:sand":13,"minecraft:dirt":3,"minecraft:cracked_stone_bricks":23,"minecraft:stone_bricks":64,"minecraft:mossy_stone_bricks":26,"minecraft:oak_leaves":2},"minecraft:custom":{"minecraft:interact_with_smithing_table":2,"minecraft:mob_kills":42,"minecraft:interact_with_crafting_table":30,"minecraft:open_barrel":11,"minecraft:eat_cake_slice":11,"minecraft:leave_game":4,"minecraft:time_since_death":22025,"minecraft:climb_one_cm":2626,"minecraft:sprint_one_cm":382015,"minecraft:walk_one_cm":578493,"minecraft:damage_blocked_by_shield":1215,"minecraft:drop":19,"minecraft:talked_to_villager":11,"minecraft:play_time":97999,"minecraft:deaths":4,"minecraft:sneak_time":5350,"minecraft:walk_under_water_one_cm":23054,"minecraft:boat_one_cm":87210,"minecraft:jump":1793,"minecraft:interact_with_brewingstand":1,"minecraft:interact_with_blast_furnace":1,"minecraft:walk_on_water_one_cm":11141,"minecraft:total_world_time":97999,"minecraft:interact_with_furnace":9,"minecraft:traded_with_villager":17,"minecraft:sleep_in_bed":6,"minecraft:time_since_rest":15285,"minecraft:waystone_activated":1,"minecraft:damage_taken":3883,"minecraft:damage_dealt":6541,"minecraft:swim_one_cm":34310,"minecraft:fly_one_cm":606255,"minecraft:open_chest":87,"minecraft:crouch_one_cm":39952,"minecraft:interact_with_smoker":7,"minecraft:fall_one_cm":59549},"minecraft:broken":{"minecraft:iron_axe":1,"minecraft:stone_axe":1,"minecraft:iron_pickaxe":1},"minecraft:crafted":{"minecraft:oak_planks":76,"minecraft:yellow_wool":2,"minecraft:stone_shovel":1,"minecraft:coal":171,"travelersbackpack:yellow_sleeping_bag":1,"minecraft:furnace":1,"minecraft:cooked_mutton":2,"travelersbackpack:magma_cube":1,"minecraft:glass":12,"minecraft:bow":1,"minecraft:stone_pickaxe":1,"minecraft:chest":3,"minecraft:wheat":342,"minecraft:cooked_beef":2,"minecraft:emerald":17,"minecraft:crafting_table":1,"travelersbackpack:backpack_tank":2,"minecraft:wooden_pickaxe":1,"travelersbackpack:standard":1,"minecraft:iron_sword":1,"minecraft:bucket":2,"minecraft:stone_axe":2,"minecraft:bread":60,"minecraft:air":0,"minecraft:oak_boat":1,"minecraft:iron_chestplate":1,"minecraft:yellow_dye":2,"minecraft:shield":1,"minecraft:stick":16},"minecraft:killed":{"minecraft:vindicator":12,"minecraft:spider":1,"minecraft:phantom":1,"minecraft:horse":1,"minecraft:creeper":1,"minecraft:sheep":3,"minecraft:pillager":13,"minecraft:zombie":5,"minecraft:cow":3}},"DataVersion":3465}