{"stats":{"minecraft:used":{"minecraft:iron_bars":1,"minecraft:chest":2,"minecraft:shield":19,"minecraft:mossy_stone_brick_slab":1,"minecraft:cooked_chicken":5,"minecraft:dirt":35,"minecraft:mutton":1,"minecraft:brick_slab":1,"minecraft:jungle_planks":5,"minecraft:spruce_fence":1,"minecraft:stone_brick_slab":1,"minecraft:bricks":1,"minecraft:iron_axe":18,"minecraft:stone_bricks":57,"minecraft:beef":1,"minecraft:furnace":1,"minecraft:cooked_beef":2,"minecraft:cooked_mutton":2,"epicfight:skillbook":3,"minecraft:mossy_stone_bricks":23,"minecraft:water_bucket":3,"minecraft:stone_pickaxe":101,"minecraft:oak_planks":2,"minecraft:wooden_pickaxe":7,"minecraft:cracked_stone_bricks":16,"minecraft:mossy_cobblestone":2,"minecraft:crafting_table":7,"minecraft:blast_furnace":5,"minecraft:crossbow":12,"minecraft:white_bed":1,"minecraft:smoker":3,"minecraft:apple":6,"minecraft:bread":12,"minecraft:iron_pickaxe":149,"minecraft:stone_axe":73,"minecraft:cobblestone":32,"minecraft:potion":1,"travelersbackpack:magma_cube":1,"minecraft:bucket":5,"minecraft:yellow_bed":1,"minecraft:oak_boat":1},"minecraft:dropped":{"minecraft:wheat_seeds":1,"minecraft:glass_bottle":1,"minecraft:cracked_stone_bricks":1,"minecraft:red_carpet":2,"minecraft:orange_carpet":4,"minecraft:mossy_stone_bricks":1,"minecraft:stone_pickaxe":1},"minecraft:picked_up":{"minecraft:crafting_table":7,"minecraft:nether_wart":29,"minecraft:brewing_stand":2,"minecraft:iron_axe":1,"minecraft:cracked_stone_bricks":18,"minecraft:beef":7,"minecraft:mossy_cobblestone_wall":1,"minecraft:oak_boat":1,"minecraft:sugar_cane":9,"minecraft:coal_block":19,"minecraft:jukebox":1,"minecraft:torch":1,"minecraft:spruce_fence":1,"epicfight:skillbook":3,"minecraft:hay_block":38,"minecraft:mutton":3,"minecraft:iron_bars":1,"minecraft:cobblestone":46,"minecraft:white_wool":3,"minecraft:stripped_oak_log":2,"minecraft:orange_carpet":4,"minecraft:leather":5,"minecraft:smoker":3,"minecraft:oak_log":10,"minecraft:yellow_bed":1,"minecraft:dirt":37,"minecraft:red_carpet":2,"minecraft:apple":1,"minecraft:stone_bricks":62,"minecraft:wheat_seeds":1,"minecraft:mossy_stone_bricks":25,"minecraft:soul_sand":10,"minecraft:stone_brick_slab":1,"minecraft:dandelion":2,"minecraft:jungle_planks":5,"minecraft:sand":12,"minecraft:blast_furnace":5,"minecraft:white_bed":1,"minecraft:mossy_stone_brick_slab":1,"minecraft:mossy_cobblestone":2,"minecraft:brick_slab":1,"minecraft:crossbow":1,"minecraft:emerald":5,"minecraft:coal":22,"minecraft:bricks":1},"minecraft:killed_by":{"minecraft:zombie":1},"minecraft:mined":{"minecraft:red_carpet":1,"minecraft:white_bed":1,"minecraft:mossy_cobblestone":2,"minecraft:mossy_stone_brick_slab":1,"minecraft:brewing_stand":2,"biomesoplenty:bush":1,"minecraft:grass_block":31,"minecraft:spruce_fence":1,"minecraft:jungle_planks":5,"minecraft:coal_block":19,"minecraft:nether_wart":10,"minecraft:hay_block":38,"minecraft:dirt_path":5,"minecraft:iron_bars":1,"minecraft:stripped_oak_log":2,"minecraft:stone":35,"minecraft:soul_sand":10,"minecraft:smoker":3,"minecraft:stone_brick_slab":1,"minecraft:dandelion":2,"minecraft:crafting_table":7,"minecraft:blast_furnace":5,"minecraft:mossy_cobblestone_wall":1,"minecraft:cobblestone":17,"minecraft:sugar_cane":3,"minecraft:bricks":1,"minecraft:orange_carpet":1,"minecraft:brick_slab":1,"minecraft:jukebox":1,"minecraft:yellow_bed":1,"minecraft:grass":4,"minecraft:coal_ore":22,"minecraft:oak_log":10,"minecraft:sand":13,"minecraft:dirt":3,"minecraft:cracked_stone_bricks":23,"minecraft:stone_bricks":64,"minecraft:mossy_stone_bricks":26,"minecraft:oak_leaves":2},"minecraft:custom":{"minecraft:interact_with_smithing_table":2,"minecraft:mob_kills":34,"minecraft:interact_with_crafting_table":23,"minecraft:open_barrel":1,"minecraft:eat_cake_slice":11,"minecraft:leave_game":1,"minecraft:time_since_death":41979,"minecraft:climb_one_cm":2626,"minecraft:sprint_one_cm":276755,"minecraft:walk_one_cm":437993,"minecraft:damage_blocked_by_shield":1215,"minecraft:drop":10,"minecraft:talked_to_villager":2,"minecraft:play_time":65554,"minecraft:deaths":3,"minecraft:sneak_time":3432,"minecraft:walk_under_water_one_cm":1660,"minecraft:boat_one_cm":87210,"minecraft:jump":1251,"minecraft:interact_with_brewingstand":1,"minecraft:interact_with_blast_furnace":1,"minecraft:walk_on_water_one_cm":6094,"minecraft:total_world_time":65554,"minecraft:interact_with_furnace":9,"minecraft:sleep_in_bed":3,"minecraft:time_since_rest":280,"minecraft:waystone_activated":1,"minecraft:damage_taken":2310,"minecraft:damage_dealt":5662,"minecraft:swim_one_cm":2611,"minecraft:fly_one_cm":461721,"minecraft:open_chest":65,"minecraft:crouch_one_cm":28392,"minecraft:interact_with_smoker":7,"minecraft:fall_one_cm":40369},"minecraft:broken":{"minecraft:iron_axe":1,"minecraft:stone_axe":1},"minecraft:crafted":{"minecraft:oak_planks":48,"minecraft:yellow_wool":2,"travelersbackpack:yellow_sleeping_bag":1,"minecraft:furnace":1,"minecraft:cooked_mutton":2,"travelersbackpack:magma_cube":1,"minecraft:glass":12,"minecraft:stone_pickaxe":1,"minecraft:chest":3,"minecraft:wheat":171,"minecraft:cooked_beef":2,"minecraft:crafting_table":1,"travelersbackpack:backpack_tank":2,"minecraft:wooden_pickaxe":1,"travelersbackpack:standard":1,"minecraft:bucket":2,"minecraft:stone_axe":1,"minecraft:bread":57,"minecraft:air":0,"minecraft:oak_boat":1,"minecraft:iron_chestplate":1,"minecraft:yellow_dye":2,"minecraft:shield":1,"minecraft:stick":8},"minecraft:killed":{"minecraft:vindicator":12,"minecraft:horse":1,"minecraft:sheep":3,"minecraft:pillager":13,"minecraft:cow":3}},"DataVersion":3465}