{"stats":{"minecraft:used":{"minecraft:mossy_stone_bricks":19,"epicfight:skillbook":3,"minecraft:iron_bars":1,"minecraft:stone_pickaxe":101,"minecraft:oak_planks":2,"minecraft:shield":15,"minecraft:chest":1,"minecraft:wooden_pickaxe":7,"minecraft:mossy_stone_brick_slab":1,"minecraft:cooked_chicken":1,"minecraft:cracked_stone_bricks":12,"minecraft:mossy_cobblestone":2,"minecraft:mutton":1,"minecraft:dirt":35,"minecraft:crafting_table":5,"minecraft:brick_slab":1,"minecraft:jungle_planks":5,"minecraft:crossbow":8,"minecraft:white_bed":1,"minecraft:stone_brick_slab":1,"minecraft:apple":5,"minecraft:bricks":1,"minecraft:iron_axe":4,"minecraft:bread":12,"minecraft:iron_pickaxe":83,"minecraft:stone_bricks":46,"minecraft:stone_axe":73,"minecraft:cobblestone":32,"minecraft:beef":1,"minecraft:bucket":1,"minecraft:yellow_bed":1,"minecraft:oak_boat":1,"minecraft:cooked_beef":2},"minecraft:dropped":{"minecraft:wheat_seeds":1,"minecraft:cracked_stone_bricks":1,"minecraft:red_carpet":2,"minecraft:orange_carpet":4,"minecraft:mossy_stone_bricks":1,"minecraft:stone_pickaxe":1},"minecraft:picked_up":{"minecraft:stripped_oak_log":2,"minecraft:crafting_table":6,"minecraft:orange_carpet":4,"minecraft:leather":2,"minecraft:oak_log":5,"minecraft:yellow_bed":1,"minecraft:dirt":37,"minecraft:iron_axe":1,"minecraft:red_carpet":2,"minecraft:apple":1,"minecraft:stone_bricks":54,"minecraft:cracked_stone_bricks":16,"minecraft:wheat_seeds":1,"minecraft:mossy_cobblestone_wall":1,"minecraft:beef":3,"minecraft:oak_boat":1,"minecraft:mossy_stone_bricks":21,"minecraft:coal_block":19,"minecraft:sugar_cane":9,"minecraft:jukebox":1,"minecraft:stone_brick_slab":1,"minecraft:torch":1,"epicfight:skillbook":3,"minecraft:jungle_planks":5,"minecraft:blast_furnace":5,"minecraft:white_bed":1,"minecraft:mossy_stone_brick_slab":1,"minecraft:mossy_cobblestone":2,"minecraft:brick_slab":1,"minecraft:hay_block":19,"minecraft:crossbow":1,"minecraft:emerald":4,"minecraft:bricks":1,"minecraft:iron_bars":1,"minecraft:mutton":3,"minecraft:coal":22,"minecraft:white_wool":3,"minecraft:cobblestone":38},"minecraft:killed_by":{"minecraft:zombie":1},"minecraft:mined":{"minecraft:red_carpet":1,"minecraft:white_bed":1,"minecraft:mossy_cobblestone":2,"minecraft:mossy_stone_brick_slab":1,"minecraft:stone_brick_slab":1,"minecraft:crafting_table":6,"biomesoplenty:bush":1,"minecraft:blast_furnace":5,"minecraft:mossy_cobblestone_wall":1,"minecraft:grass_block":31,"minecraft:jungle_planks":5,"minecraft:coal_block":19,"minecraft:cobblestone":9,"minecraft:sugar_cane":3,"minecraft:bricks":1,"minecraft:orange_carpet":1,"minecraft:hay_block":19,"minecraft:brick_slab":1,"minecraft:jukebox":1,"minecraft:yellow_bed":1,"minecraft:grass":3,"minecraft:oak_log":5,"minecraft:coal_ore":22,"minecraft:dirt_path":5,"minecraft:iron_bars":1,"minecraft:dirt":3,"minecraft:stripped_oak_log":2,"minecraft:cracked_stone_bricks":16,"minecraft:stone":35,"minecraft:stone_bricks":55,"minecraft:mossy_stone_bricks":20,"minecraft:oak_leaves":2},"minecraft:custom":{"minecraft:interact_with_smithing_table":2,"minecraft:mob_kills":23,"minecraft:interact_with_crafting_table":14,"minecraft:eat_cake_slice":9,"minecraft:leave_game":1,"minecraft:time_since_death":17979,"minecraft:sleep_in_bed":1,"minecraft:climb_one_cm":1484,"minecraft:time_since_rest":17999,"minecraft:waystone_activated":1,"minecraft:sprint_one_cm":185423,"minecraft:damage_taken":2105,"minecraft:walk_one_cm":329585,"minecraft:damage_blocked_by_shield":975,"minecraft:drop":9,"minecraft:damage_dealt":3952,"minecraft:swim_one_cm":2611,"minecraft:fly_one_cm":313670,"minecraft:open_chest":30,"minecraft:crouch_one_cm":25385,"minecraft:play_time":41554,"minecraft:deaths":3,"minecraft:sneak_time":2844,"minecraft:walk_under_water_one_cm":1247,"minecraft:boat_one_cm":87210,"minecraft:jump":880,"minecraft:walk_on_water_one_cm":643,"minecraft:total_world_time":41554,"minecraft:fall_one_cm":27691},"minecraft:broken":{"minecraft:stone_axe":1},"minecraft:crafted":{"minecraft:oak_planks":28,"minecraft:wooden_pickaxe":1,"minecraft:bucket":1,"minecraft:stone_axe":1,"minecraft:bread":57,"minecraft:oak_boat":1,"minecraft:iron_chestplate":1,"minecraft:shield":1,"minecraft:stick":8,"minecraft:stone_pickaxe":1,"minecraft:chest":1,"minecraft:wheat":171},"minecraft:killed":{"minecraft:vindicator":8,"minecraft:sheep":3,"minecraft:pillager":9,"minecraft:cow":1}},"DataVersion":3465}