{"stats":{"minecraft:used":{"minecraft:mossy_stone_bricks":4,"epicfight:skillbook":3,"minecraft:iron_bars":1,"minecraft:stone_pickaxe":101,"minecraft:shield":4,"minecraft:chest":1,"minecraft:wooden_pickaxe":7,"minecraft:cooked_chicken":1,"minecraft:cracked_stone_bricks":7,"minecraft:mutton":1,"minecraft:dirt":35,"minecraft:crafting_table":5,"minecraft:white_bed":1,"minecraft:apple":3,"minecraft:bread":11,"minecraft:iron_pickaxe":25,"minecraft:stone_bricks":25,"minecraft:stone_axe":58,"minecraft:cobblestone":31,"minecraft:beef":1,"minecraft:bucket":1,"minecraft:yellow_bed":1,"minecraft:oak_boat":1},"minecraft:dropped":{"minecraft:wheat_seeds":1,"minecraft:cracked_stone_bricks":1,"minecraft:red_carpet":2,"minecraft:orange_carpet":4,"minecraft:stone_pickaxe":1},"minecraft:picked_up":{"minecraft:stripped_oak_log":2,"minecraft:crafting_table":6,"minecraft:orange_carpet":4,"minecraft:leather":2,"minecraft:oak_log":5,"minecraft:yellow_bed":1,"minecraft:dirt":37,"minecraft:red_carpet":2,"minecraft:apple":1,"minecraft:stone_bricks":26,"minecraft:cracked_stone_bricks":8,"minecraft:wheat_seeds":1,"minecraft:beef":3,"minecraft:oak_boat":1,"minecraft:mossy_stone_bricks":10,"minecraft:coal_block":19,"minecraft:sugar_cane":9,"minecraft:torch":1,"epicfight:skillbook":3,"minecraft:jungle_planks":5,"minecraft:blast_furnace":3,"minecraft:white_bed":1,"minecraft:hay_block":19,"minecraft:crossbow":1,"minecraft:iron_bars":1,"minecraft:mutton":3,"minecraft:coal":22,"minecraft:white_wool":3,"minecraft:cobblestone":37},"minecraft:killed_by":{"minecraft:zombie":1},"minecraft:mined":{"minecraft:red_carpet":1,"minecraft:white_bed":1,"minecraft:crafting_table":6,"biomesoplenty:bush":1,"minecraft:blast_furnace":3,"minecraft:grass_block":31,"minecraft:jungle_planks":5,"minecraft:coal_block":19,"minecraft:cobblestone":8,"minecraft:sugar_cane":3,"minecraft:orange_carpet":1,"minecraft:hay_block":19,"minecraft:yellow_bed":1,"minecraft:grass":3,"minecraft:oak_log":5,"minecraft:coal_ore":22,"minecraft:dirt_path":5,"minecraft:iron_bars":1,"minecraft:dirt":3,"minecraft:stripped_oak_log":2,"minecraft:cracked_stone_bricks":8,"minecraft:stone":35,"minecraft:stone_bricks":26,"minecraft:mossy_stone_bricks":10,"minecraft:oak_leaves":2},"minecraft:custom":{"minecraft:interact_with_smithing_table":2,"minecraft:mob_kills":12,"minecraft:interact_with_crafting_table":14,"minecraft:eat_cake_slice":7,"minecraft:leave_game":1,"minecraft:time_since_death":5979,"minecraft:sleep_in_bed":1,"minecraft:climb_one_cm":1484,"minecraft:time_since_rest":5999,"minecraft:waystone_activated":1,"minecraft:sprint_one_cm":135948,"minecraft:damage_taken":1734,"minecraft:walk_one_cm":201173,"minecraft:damage_blocked_by_shield":375,"minecraft:drop":8,"minecraft:damage_dealt":2546,"minecraft:swim_one_cm":2611,"minecraft:fly_one_cm":302748,"minecraft:open_chest":21,"minecraft:crouch_one_cm":21342,"minecraft:play_time":29554,"minecraft:deaths":3,"minecraft:sneak_time":2073,"minecraft:walk_under_water_one_cm":1247,"minecraft:boat_one_cm":87210,"minecraft:jump":801,"minecraft:walk_on_water_one_cm":643,"minecraft:total_world_time":29554,"minecraft:fall_one_cm":24984},"minecraft:crafted":{"minecraft:oak_planks":28,"minecraft:wooden_pickaxe":1,"minecraft:bucket":1,"minecraft:stone_axe":1,"minecraft:bread":57,"minecraft:oak_boat":1,"minecraft:iron_chestplate":1,"minecraft:shield":1,"minecraft:stick":8,"minecraft:stone_pickaxe":1,"minecraft:chest":1,"minecraft:wheat":171},"minecraft:killed":{"minecraft:vindicator":2,"minecraft:sheep":3,"minecraft:pillager":6,"minecraft:cow":1}},"DataVersion":3465}