{"stats":{"minecraft:used":{"minecraft:stone_pickaxe":85,"minecraft:chest":1,"minecraft:wooden_pickaxe":7,"minecraft:cracked_stone_bricks":5,"minecraft:mutton":1,"minecraft:dirt":4,"minecraft:crafting_table":3,"minecraft:white_bed":1,"minecraft:apple":1,"minecraft:bread":5,"minecraft:stone_bricks":10,"minecraft:stone_axe":11,"minecraft:cobblestone":30,"minecraft:beef":1,"minecraft:yellow_bed":1,"minecraft:oak_boat":1},"minecraft:dropped":{"minecraft:wheat_seeds":1},"minecraft:picked_up":{"minecraft:stripped_oak_log":2,"minecraft:crafting_table":4,"minecraft:leather":2,"minecraft:oak_log":5,"minecraft:yellow_bed":1,"minecraft:dirt":4,"minecraft:red_carpet":1,"minecraft:apple":1,"minecraft:stone_bricks":14,"minecraft:cracked_stone_bricks":6,"minecraft:wheat_seeds":1,"minecraft:beef":3,"minecraft:oak_boat":1,"minecraft:mossy_stone_bricks":5,"minecraft:sugar_cane":9,"minecraft:torch":1,"minecraft:jungle_planks":1,"minecraft:blast_furnace":1,"minecraft:white_bed":1,"minecraft:hay_block":19,"minecraft:mutton":3,"minecraft:coal":22,"minecraft:white_wool":3,"minecraft:cobblestone":37},"minecraft:killed_by":{"minecraft:zombie":1},"minecraft:mined":{"minecraft:red_carpet":1,"minecraft:white_bed":1,"minecraft:crafting_table":4,"biomesoplenty:bush":1,"minecraft:blast_furnace":1,"minecraft:grass_block":3,"minecraft:jungle_planks":1,"minecraft:cobblestone":8,"minecraft:sugar_cane":3,"minecraft:hay_block":19,"minecraft:yellow_bed":1,"minecraft:grass":1,"minecraft:oak_log":5,"minecraft:coal_ore":22,"minecraft:dirt":2,"minecraft:stripped_oak_log":2,"minecraft:cracked_stone_bricks":6,"minecraft:stone":35,"minecraft:stone_bricks":14,"minecraft:mossy_stone_bricks":5,"minecraft:oak_leaves":2},"minecraft:custom":{"minecraft:interact_with_smithing_table":1,"minecraft:mob_kills":5,"minecraft:interact_with_crafting_table":10,"minecraft:eat_cake_slice":7,"minecraft:leave_game":1,"minecraft:time_since_death":16294,"minecraft:sleep_in_bed":1,"minecraft:climb_one_cm":1484,"minecraft:time_since_rest":3944,"minecraft:waystone_activated":1,"minecraft:sprint_one_cm":79053,"minecraft:damage_taken":829,"minecraft:walk_one_cm":115155,"minecraft:drop":1,"minecraft:damage_dealt":588,"minecraft:swim_one_cm":2611,"minecraft:fly_one_cm":213014,"minecraft:open_chest":15,"minecraft:crouch_one_cm":9870,"minecraft:play_time":17554,"minecraft:deaths":1,"minecraft:sneak_time":873,"minecraft:walk_under_water_one_cm":1247,"minecraft:boat_one_cm":87210,"minecraft:jump":542,"minecraft:walk_on_water_one_cm":643,"minecraft:total_world_time":17554,"minecraft:fall_one_cm":17923},"minecraft:crafted":{"minecraft:oak_planks":20,"minecraft:wooden_pickaxe":1,"minecraft:stone_axe":1,"minecraft:bread":57,"minecraft:oak_boat":1,"minecraft:stick":8,"minecraft:stone_pickaxe":1,"minecraft:chest":1,"minecraft:wheat":171},"minecraft:killed":{"minecraft:sheep":3,"minecraft:pillager":1,"minecraft:cow":1}},"DataVersion":3465}