{"stats":{"minecraft:used":{"minecraft:apple":1,"minecraft:bread":3,"minecraft:wooden_pickaxe":7,"minecraft:stone_axe":1,"minecraft:mutton":1,"minecraft:beef":1,"minecraft:crafting_table":1,"minecraft:white_bed":1,"minecraft:oak_boat":1},"minecraft:picked_up":{"minecraft:crafting_table":2,"minecraft:leather":2,"minecraft:oak_log":4,"minecraft:blast_furnace":1,"minecraft:white_bed":1,"minecraft:yellow_bed":1,"minecraft:apple":1,"minecraft:hay_block":16,"minecraft:beef":3,"minecraft:oak_boat":1,"minecraft:sugar_cane":9,"minecraft:mutton":3,"minecraft:cobblestone":6,"minecraft:white_wool":3},"minecraft:killed_by":{"minecraft:zombie":1},"minecraft:custom":{"minecraft:time_since_rest":9609,"minecraft:interact_with_smithing_table":1,"minecraft:waystone_activated":1,"minecraft:sprint_one_cm":55982,"minecraft:damage_taken":559,"minecraft:walk_one_cm":49412,"minecraft:mob_kills":4,"minecraft:damage_dealt":349,"minecraft:interact_with_crafting_table":7,"minecraft:swim_one_cm":2611,"minecraft:fly_one_cm":153111,"minecraft:open_chest":3,"minecraft:crouch_one_cm":8144,"minecraft:play_time":10854,"minecraft:deaths":1,"minecraft:sneak_time":643,"minecraft:walk_under_water_one_cm":1247,"minecraft:boat_one_cm":87210,"minecraft:jump":329,"minecraft:leave_game":1,"minecraft:time_since_death":9594,"minecraft:walk_on_water_one_cm":643,"minecraft:total_world_time":10854,"minecraft:climb_one_cm":1484,"minecraft:fall_one_cm":12214},"minecraft:mined":{"minecraft:hay_block":18,"minecraft:white_bed":1,"minecraft:yellow_bed":1,"minecraft:crafting_table":2,"minecraft:grass":1,"biomesoplenty:bush":1,"minecraft:blast_furnace":1,"minecraft:oak_log":4,"minecraft:dirt":1,"minecraft:cobblestone":6,"minecraft:sugar_cane":3,"minecraft:oak_leaves":2},"minecraft:crafted":{"minecraft:oak_planks":16,"minecraft:oak_boat":1,"minecraft:stick":8,"minecraft:wooden_pickaxe":1,"minecraft:stone_pickaxe":1,"minecraft:stone_axe":1,"minecraft:wheat":54},"minecraft:killed":{"minecraft:sheep":3,"minecraft:cow":1}},"DataVersion":3465}