{"stats":{"minecraft:used":{"minecraft:apple":1,"minecraft:bread":3,"minecraft:stone_pickaxe":7,"minecraft:wooden_pickaxe":7,"minecraft:stone_axe":2,"minecraft:dirt":1,"minecraft:mutton":1,"minecraft:beef":1,"minecraft:crafting_table":2,"minecraft:white_bed":1,"minecraft:oak_boat":1},"minecraft:dropped":{"minecraft:wheat_seeds":1},"minecraft:picked_up":{"minecraft:crafting_table":3,"minecraft:leather":2,"minecraft:oak_log":4,"minecraft:blast_furnace":1,"minecraft:white_bed":1,"minecraft:yellow_bed":1,"minecraft:dirt":1,"minecraft:apple":1,"minecraft:wheat_seeds":1,"minecraft:hay_block":19,"minecraft:beef":3,"minecraft:oak_boat":1,"minecraft:coal":4,"minecraft:sugar_cane":9,"minecraft:mutton":3,"minecraft:cobblestone":7,"minecraft:white_wool":3},"minecraft:killed_by":{"minecraft:zombie":1},"minecraft:mined":{"minecraft:hay_block":19,"minecraft:white_bed":1,"minecraft:yellow_bed":1,"minecraft:crafting_table":3,"minecraft:grass":1,"biomesoplenty:bush":1,"minecraft:blast_furnace":1,"minecraft:coal_ore":6,"minecraft:grass_block":1,"minecraft:oak_log":4,"minecraft:dirt":1,"minecraft:cobblestone":6,"minecraft:stone":1,"minecraft:sugar_cane":3,"minecraft:oak_leaves":2},"minecraft:custom":{"minecraft:waystone_activated":1,"minecraft:time_since_rest":10309,"minecraft:interact_with_smithing_table":1,"minecraft:sprint_one_cm":58796,"minecraft:damage_taken":569,"minecraft:walk_one_cm":55003,"minecraft:mob_kills":4,"minecraft:drop":1,"minecraft:damage_dealt":349,"minecraft:interact_with_crafting_table":9,"minecraft:swim_one_cm":2611,"minecraft:fly_one_cm":162505,"minecraft:open_chest":3,"minecraft:crouch_one_cm":8196,"minecraft:play_time":11554,"minecraft:deaths":1,"minecraft:sneak_time":650,"minecraft:walk_under_water_one_cm":1247,"minecraft:boat_one_cm":87210,"minecraft:jump":350,"minecraft:leave_game":1,"minecraft:time_since_death":10294,"minecraft:walk_on_water_one_cm":643,"minecraft:climb_one_cm":1484,"minecraft:total_world_time":11554,"minecraft:fall_one_cm":14012},"minecraft:crafted":{"minecraft:oak_boat":1,"minecraft:oak_planks":16,"minecraft:stick":8,"minecraft:wooden_pickaxe":1,"minecraft:stone_pickaxe":1,"minecraft:stone_axe":1,"minecraft:bread":57,"minecraft:wheat":171},"minecraft:killed":{"minecraft:sheep":3,"minecraft:cow":1}},"DataVersion":3465}